Date,"Weight (lb)","Fat mass (lb)","Bone mass (lb)","Muscle mass (lb)","Hydration (lb)",Comments
"2022-11-01 07:47:11",160.1,17.5,7.1,135.4,97.6,
"2022-10-31 08:18:37",160,17.9,7.1,135,97,
"2022-10-30 09:15:58",162.1,17.3,7.3,137.5,99.9,
"2022-10-29 08:34:09",160.8,17,7.2,136.6,99.1,
"2022-10-28 08:07:41",162.7,18,7.2,137.5,99.5,
"2022-10-27 08:28:34",160.1,17.2,7.1,135.8,98.1,
"2022-10-26 08:18:20",160.3,17.7,7.1,135.4,97.4,
"2022-10-25 08:35:22",160.3,,,,,
"2022-10-24 08:06:00",158.5,16.7,7.1,134.7,97.2,
"2022-10-22 08:40:31",159.3,17.2,7.1,135,97.3,
"2022-10-21 07:16:39",162.3,17.5,7.3,137.6,99.9,
"2022-10-20 08:08:17",160.9,17.4,7.2,136.3,98.6,
"2022-10-19 08:03:25",159.2,16.7,7.1,135.4,97.9,
"2022-10-18 07:51:29",160,17.9,7.1,135,97,
"2022-10-17 08:22:11",161,17.2,7.2,136.6,99.1,
"2022-10-16 07:55:39",161.4,17.3,7.2,136.8,99.2,
"2022-10-15 08:51:46",161.2,17.8,7.2,136.2,98.2,
"2022-10-14 08:06:29",161.2,17.4,7.2,136.6,98.9,
"2022-10-13 07:11:39",160.7,17,7.2,136.5,99,
"2022-10-12 07:59:00",159.7,17.3,7.1,135.2,97.4,
"2022-10-11 08:15:50",162.2,17.7,7.2,137.2,99.4,
"2022-10-10 08:41:45",162.2,17.5,7.2,137.4,99.6,
"2022-10-09 08:48:18",160,17.5,7.1,135.4,97.6,
"2022-10-07 07:33:19",160.6,17.2,7.2,136.2,98.6,
"2022-10-06 08:01:14",159.2,17.1,7.1,134.9,97.3,
"2022-10-05 06:49:33",159.6,17.2,7.1,135.3,97.6,
"2022-10-04 08:02:57",160,17.5,7.1,135.3,97.5,
"2022-10-03 07:04:38",160.6,17.9,7.1,135.6,97.6,
"2022-10-01 08:40:27",160,17.3,7.1,135.5,97.8,
"2022-09-30 08:07:15",160.5,17.1,7.2,136.2,98.7,
"2022-09-29 07:48:56",160.6,17.1,7.2,136.3,98.7,
"2022-09-28 07:53:14",160.2,17,7.2,136.1,98.5,
"2022-09-27 08:04:00",160.5,17.9,7.1,135.4,97.4,
"2022-09-26 07:59:47",161.3,18.1,7.1,136,98,
"2022-09-24 08:05:34",162.4,,,,,
"2022-09-23 07:24:09",160.8,17.5,7.2,136.1,98.3,
"2022-09-22 08:31:40",161.4,17.6,7.2,136.6,98.7,
"2022-09-21 07:56:00",160.9,17.5,7.2,136.2,98.4,
"2022-09-20 08:01:27",158.5,17,7.1,134.4,96.7,
"2022-09-19 08:34:27",161.5,16.9,7.2,137.3,99.8,
"2022-09-18 10:08:56",159.7,16.4,7.2,136.1,98.8,
"2022-09-17 09:10:45",160.3,16.4,7.2,136.7,99.5,
"2022-09-16 08:01:29",159.7,16.5,7.2,136,98.7,
"2022-09-15 08:11:13",158.4,17,7.1,134.3,96.7,
"2022-09-14 07:49:51",160.5,17.7,7.1,135.7,97.8,
"2022-09-13 08:22:25",161.3,17.3,7.2,136.7,99.1,
"2022-09-12 08:00:39",160.5,17.7,7.1,135.6,97.7,
"2022-09-11 09:48:04",159,17.3,7.1,134.6,96.8,
"2022-09-10 11:21:04",158.8,16.4,7.1,135.2,97.8,
"2022-09-09 08:47:55",160.4,17.8,7.1,135.5,97.6,
"2022-09-08 08:11:45",159.1,16.9,7.1,135,97.4,
"2022-09-07 07:40:09",160.7,17.4,7.2,136.1,98.4,
"2022-09-06 09:17:57",160.3,17.9,7.1,135.2,97.2,
"2022-08-25 08:03:20",159.4,17.2,7.1,135.1,97.4,
"2022-08-24 06:34:21",159.6,17.3,7.1,135.2,97.4,
"2022-08-23 07:19:15",159.2,17,7.1,135,97.4,
"2022-08-22 07:01:54",160.7,18.8,7.1,134.8,96.5,
"2022-08-12 15:50:18",161.1,16.2,7.3,137.6,100.7,
"2022-08-11 08:32:54",159.7,16.8,7.1,135.7,98.2,
"2022-08-10 08:06:22",160,17.4,7.1,135.5,97.7,
"2022-08-09 08:00:13",159.7,17.4,7.1,135.2,97.4,
"2022-08-08 08:30:52",160.8,17.9,7.1,135.7,97.7,
"2022-08-04 08:41:15",158.2,16.8,7.1,134.3,96.8,
"2022-08-03 08:38:53",160,17.1,7.1,135.7,98.1,
"2022-08-02 07:57:03",161.2,17,7.2,136.9,99.4,
"2022-08-01 11:36:52",164.5,16.3,7.5,140.7,103.9,
"2022-07-31 07:34:22",162.1,17.9,7.2,137,99.1,
"2022-07-27 07:48:23",156,16.8,6.9,132.2,94.4,
"2022-06-16 07:50:43",157.4,16.8,7,133.5,95.9,
"2022-06-15 07:46:27",157.2,16.8,7,133.4,95.7,
"2022-06-13 08:46:29",158.8,17.5,7,134.2,96.3,
"2022-06-11 08:52:18",158.6,17.2,7.1,134.3,96.5,
"2022-06-10 08:01:21",160.4,17.7,7.1,135.5,97.6,
"2022-06-08 08:13:58",158.8,16.4,7.1,135.2,97.8,
"2022-06-07 07:02:11",157.1,15.9,7.1,134.1,97,
"2022-06-06 08:58:52",158.2,16.6,7.1,134.5,97.1,
"2022-06-04 08:48:38",156.2,14.4,7.1,134.7,98.5,
"2022-06-03 08:06:17",155.4,16.1,6.9,132.3,94.9,
"2022-06-02 08:00:27",154.9,16.3,6.9,131.7,94.1,
"2022-06-01 06:49:14",157,17.2,7,132.8,95,
"2022-05-31 07:37:36",157.6,16.9,7,133.7,96.1,
"2022-05-30 08:28:29",154.9,15.4,7,132.5,95.5,
"2022-05-27 08:26:55",157.3,16.2,7.1,134,96.7,
"2022-05-26 09:08:05",157.8,16.8,7,133.9,96.3,
"2022-05-25 08:00:56",156.7,15.5,7.1,134.1,97.1,
"2022-05-24 08:12:12",155.7,15.9,7,132.8,95.5,
"2022-05-23 07:53:07",156.7,17,7,132.7,94.9,
"2022-05-22 08:25:09",157,16.3,7,133.6,96.2,
"2022-05-21 08:45:19",154.1,15.4,6.9,131.8,94.6,
"2022-05-20 07:09:44",155,15.8,6.9,132.3,95,
"2022-05-19 08:36:47",155.9,16.1,7,132.7,95.3,
"2022-05-18 06:53:19",156.2,15.6,7,133.5,96.4,
"2022-05-17 07:26:55",155.8,15.7,7,133,95.8,
"2022-05-16 07:24:38",157.7,16,7.1,134.6,97.4,
"2022-05-13 09:20:33",157.9,16.4,7.1,134.3,96.9,
"2022-05-12 08:04:59",156.3,16,7,133.2,95.9,
"2022-05-11 08:47:48",155.1,15.2,7,132.8,95.9,
"2022-05-08 11:17:26",158.7,16.3,7.1,135.3,98.1,
"2022-05-06 07:54:13",155.8,15.7,7,133,95.8,
"2022-05-05 09:08:56",154.1,15.4,6.9,131.8,94.6,
"2022-05-04 08:26:31",154.6,16,6.9,131.7,94.3,
"2022-05-03 07:59:42",154.5,15.7,6.9,131.8,94.5,
"2022-05-02 10:36:51",156.7,15.7,7.1,133.9,96.8,
"2022-04-30 09:17:47",155.7,15.5,7,133.1,96,
"2022-04-29 08:29:42",154.3,15.5,6.9,131.7,94.5,
"2022-04-28 08:14:29",154.5,15.4,6.9,132.1,95,
"2022-04-27 12:39:11",157.8,15.9,7.1,134.7,97.6,
"2022-04-26 08:57:11",153,15,6.9,131.1,94.1,
"2022-04-25 08:00:11",156.2,15.9,7,133.3,96.1,
"2022-04-23 09:50:58",153.3,15.1,6.9,131.3,94.2,
"2022-04-22 08:17:24",152.7,15.3,6.9,130.5,93.2,
"2022-04-21 12:13:18",155.9,14.9,7.1,133.9,97.3,
"2022-04-19 08:11:20",156.9,16.6,7,133.2,95.6,
"2022-04-18 08:36:41",155.4,15.8,7,132.6,95.3,
"2022-04-17 09:03:43",155.4,15.4,7,132.9,95.9,
"2022-04-15 18:44:47",155.2,14.8,7,133.4,96.7,
"2022-04-13 20:49:43",156.2,,,,,
"2022-04-12 10:32:45",154.4,15.4,6.9,132,94.8,
"2022-04-11 09:21:57",154.9,14.8,7,133,96.3,
"2022-04-10 13:37:09",154,15.4,6.9,131.7,94.6,
"2022-04-06 12:00:18",152.8,,,,,
"2022-04-03 12:59:14",150.7,14.7,6.8,129.1,92,
"2022-04-02 12:05:26",151.5,15.4,6.8,129.3,91.9,
"2022-03-20 12:36:49",156.5,16.8,7,132.8,95.1,
"2022-03-12 07:49:30",151.9,14.4,6.9,130.5,93.8,
"2022-03-11 09:50:08",152.2,14.4,6.9,131,94.3,
"2022-02-26 11:18:57",154.3,15,7,132.3,95.4,
"2022-02-21 12:40:25",158.1,16.2,7.1,134.8,97.5,
"2022-02-17 08:58:01",157.9,16.5,7.1,134.2,96.8,
"2022-02-11 07:47:00",155.6,16.7,6.9,131.9,94.2,
"2022-02-10 08:48:52",159.4,17.8,7.1,134.6,96.5,
"2022-02-07 15:34:49",157.5,16.4,7.1,134.1,96.6,
"2022-02-07 10:38:48",160.9,18.1,7.1,135.7,97.6,
"2022-02-04 09:25:07",156.6,,,,,
"2022-02-03 09:14:14",157.7,16.9,7,133.8,96.1,
"2022-02-02 11:12:57",158.7,17.3,7.1,134.4,96.6,
"2022-02-02 08:47:00",156.7,16.8,7,132.9,95.2,
"2022-02-01 08:12:55",157.9,16.6,7.1,134.2,96.6,
"2022-01-31 15:39:00",159.9,17.1,7.1,135.7,98,
"2022-01-28 12:58:28",154.3,14.6,7,132.7,96.1,
"2022-01-27 08:46:49",155.3,16.2,6.9,132.1,94.6,
"2022-01-23 09:42:03",156,16.4,7,132.6,95.1,
"2022-01-19 08:20:43",156.4,16.1,7,133.2,95.9,
"2022-01-16 16:42:38",157.8,16.8,7,133.9,96.3,
"2022-01-05 07:56:18",155.9,15.2,7,133.6,96.8,
"2022-01-04 08:09:51",156,15.7,7,133.2,96.1,
"2022-01-02 09:49:02",155.7,15.6,7,133.1,95.9,
"2021-12-31 08:43:00",154.1,14.7,7,132.3,95.6,
"2021-12-30 09:10:40",156.4,15.9,7,133.4,96.2,
"2021-12-29 08:57:15",153.4,14.9,6.9,131.6,94.6,
"2021-12-27 09:02:04",154.7,15.1,7,132.6,95.7,
"2021-12-23 10:23:18",155.4,14.2,7.1,134.1,97.9,
"2021-12-18 12:54:27",157.4,15.6,7.1,134.7,97.7,
"2021-12-17 08:22:11",152.3,14.6,6.9,130.8,93.9,
"2021-12-16 08:00:12",157,16.5,7,133.5,95.9,
"2021-12-15 08:20:45",156.9,16.8,7,133.2,95.5,
"2021-12-14 08:30:41",154.5,14.7,7,132.8,96.2,
"2021-12-13 09:58:42",153.9,15.7,6.9,131.3,93.9,
"2021-12-03 13:46:42",158.4,15.5,7.2,135.7,98.9,
"2021-12-02 17:52:02",157.5,14.9,7.2,135.4,98.9,
"2021-12-01 09:04:01",157.9,16.7,7.1,134.1,96.5,
"2021-11-22 07:37:20",156.8,16.8,7,133,95.3,
"2021-11-20 09:23:49",155.3,15.9,7,132.4,95.1,
"2021-11-19 08:53:18",154.6,15.5,6.9,132.1,94.9,
"2021-11-18 12:24:49",157.1,14.9,7.1,135.1,98.6,
"2021-11-17 10:04:50",159,16.7,7.1,135.2,97.7,
"2021-11-16 08:28:24",156.2,16.4,7,132.8,95.2,
"2021-11-15 08:48:34",157.4,17,7,133.4,95.7,
"2021-11-13 13:36:14",157.3,15.1,7.1,135.1,98.4,
"2021-11-11 10:00:28",159.4,16.4,7.1,135.8,98.5,
"2021-11-10 08:28:45",157.9,16.1,7.1,134.7,97.5,
"2021-11-02 10:56:16",159,,,,,
"2021-10-31 09:08:44",155.9,16.5,6.9,132.5,94.9,
"2021-10-25 11:24:08",160.5,17.7,7.1,135.7,97.8,
"2021-10-25 11:16:42",161.2,17.7,7.2,136.3,98.3,
"2021-10-22 08:36:07",157.8,16,7.1,134.7,97.5,
"2021-10-21 12:57:46",157.5,15.5,7.1,134.9,98,
"2021-09-27 08:57:35",159.3,16.6,7.1,135.5,98,
"2021-09-26 15:13:39",158.3,13.8,7.3,137.2,101.7,
"2021-09-25 07:47:26",156.8,15.9,7,133.8,96.6,
"2021-09-24 21:58:41",156.7,15.1,7.1,134.4,97.7,
"2021-09-22 08:25:32",155.9,16.7,6.9,132.3,94.5,
"2021-09-16 10:20:51",156.6,15.8,7,133.8,96.5,
"2021-09-15 16:29:10",156.2,16,7,133.2,95.9,
"2021-09-14 08:39:36",155.5,16.9,6.9,131.7,93.9,
"2021-09-13 09:06:14",159.4,17,7.1,135.3,97.6,
"2021-09-07 09:25:37",156.1,16,7,133,95.7,
"2021-09-01 08:11:42",157.9,16,7.1,134.7,97.5,
"2021-08-29 10:49:08",155.9,,,,,
"2021-08-27 10:05:00",159.1,16.2,7.1,135.7,98.5,
"2021-08-26 13:25:23",159.2,,,,,
"2021-08-26 10:45:29",159.9,16.7,7.2,136,98.5,
"2021-08-25 08:48:48",158.6,15.8,7.1,135.6,98.6,
"2021-08-23 08:01:46",159.1,16.6,7.1,135.3,97.9,
"2021-08-20 08:01:42",155.1,15.5,7,132.6,95.5,
"2021-08-18 08:11:16",155.6,16.2,6.9,132.5,95,
"2021-08-17 08:10:14",154.7,15.3,7,132.3,95.2,
"2021-08-10 08:23:50",156.7,15.8,7,133.8,96.6,
"2021-08-09 08:18:12",156.2,16.2,7,133,95.5,
"2021-08-08 08:52:38",153,15.4,6.9,130.7,93.3,
"2021-08-07 14:32:31",155.3,14.5,7.1,133.8,97.3,
"2021-08-06 12:07:46",155.8,15.5,7,133.3,96.3,
"2021-08-05 08:11:58",156.2,16.2,7,132.9,95.4,
"2021-08-04 14:18:05",156.4,15.4,7.1,133.9,96.9,
"2021-07-28 08:36:41",155.5,16.4,6.9,132.2,94.6,
"2021-07-27 18:24:18",155.1,,,,,
"2021-07-27 08:18:27",155.2,,,,,
"2021-07-26 08:05:45",156,16.8,6.9,132.3,94.5,
"2021-07-20 08:20:29",156.3,16.1,7,133.2,95.7,
"2021-07-15 08:17:09",156.4,15.7,7,133.7,96.5,
"2021-07-14 07:55:39",154.5,15.2,7,132.3,95.3,
"2021-07-13 08:13:36",154.9,15.6,6.9,132.3,95.1,
"2021-07-12 08:19:42",156.5,16.5,7,133,95.4,
"2021-07-11 14:16:23",155.3,13,7.2,135.1,100,
"2021-07-08 08:14:58",154.4,15.3,6.9,132.1,95,
"2021-06-30 19:41:38",155.8,16.1,7,132.7,95.3,
"2021-06-18 10:15:04",153.9,13.8,7,133,96.9,
"2021-06-07 08:19:43",158.3,16.6,7.1,134.6,97.1,
"2021-06-04 09:11:39",156.8,15,7.1,134.7,98.1,
"2021-06-03 15:40:49",156.3,,,,,
"2021-04-21 08:25:43",152.2,,,,,
"2021-04-20 08:04:09",149.5,13.1,6.8,129.6,93.3,
"2021-04-15 06:25:13",153,14.2,6.9,131.8,95.3,
"2021-04-14 08:16:24",152.2,13.4,7,131.8,95.8,
"2021-04-13 08:03:42",153,13.9,7,132.1,95.8,
"2021-04-12 08:02:47",153.2,14.2,6.9,132,95.5,
"2021-04-10 08:38:26",150.6,13,6.9,130.7,94.7,
"2021-04-09 07:56:04",153.9,14.5,7,132.4,95.8,
"2021-04-06 08:30:10",151,13.8,6.9,130.3,93.7,
"2021-04-01 08:19:21",148.6,12.6,6.8,129.1,93.1,
"2021-03-31 08:27:46",150.8,13.7,6.9,130.2,93.7,
"2021-03-30 08:41:35",149.1,12.4,6.9,129.9,94.2,
"2021-03-29 08:40:36",151.7,13.8,6.9,131,94.5,
"2021-03-28 10:16:27",148.5,12.8,6.8,128.9,92.7,
"2021-03-27 10:06:10",153.6,14.4,7,132.3,95.7,
"2021-03-26 08:30:47",150.1,13.2,6.9,130,93.8,
"2021-03-25 08:32:25",151.8,13.5,6.9,131.4,95.2,
"2021-03-24 08:03:24",153.3,13.8,7,132.5,96.3,
"2021-03-23 08:31:10",151,13.7,6.9,130.4,93.9,
"2021-03-19 07:52:20",153.5,14.8,6.9,131.7,94.8,
"2021-03-17 08:29:07",155.6,15.7,7,132.9,95.7,
"2021-03-16 07:56:01",154,15.2,6.9,131.9,94.8,
"2021-03-14 10:30:11",157.3,16,7.1,134.2,96.9,
"2021-03-13 09:05:19",154.6,15.8,6.9,131.8,94.4,
"2021-03-11 07:58:06",153.8,15.6,6.9,131.2,93.8,
"2021-03-10 08:14:14",155.1,16,6.9,132.1,94.7,
"2021-03-09 07:58:47",154.9,,,,,
"2021-03-05 08:02:04",154.4,15.9,6.9,131.6,94.2,
"2021-03-04 07:54:45",154.4,15.3,6.9,132.2,95.1,
"2021-02-24 04:02:32",155.9,15.9,7,133.1,95.7,
"2021-02-23 07:51:22",155.1,15.6,7,132.5,95.2,
"2021-02-22 08:37:57",158.9,17.4,7.1,134.4,96.5,
"2021-02-19 08:16:51",157.2,16.3,7,133.8,96.3,
"2021-02-18 08:35:48",157.5,16,7.1,134.4,97.1,
"2021-02-17 07:48:23",157.5,16,7.1,134.4,97.1,
"2021-02-16 08:14:40",157.7,16.5,7.1,134.1,96.5,
"2021-02-15 09:31:05",158.3,16.6,7.1,134.6,97.1,
"2021-02-14 09:18:06",160.5,16.1,7.2,137.1,100,
"2021-02-11 08:13:06",156.1,15.7,7,133.3,96.1,
"2021-02-10 08:11:43",155.4,15.9,7,132.5,95.1,
"2021-02-08 07:36:44",157.3,16,7.1,134.1,96.8,
"2021-02-07 10:05:24",157,15.7,7.1,134.2,97.1,
"2021-02-06 08:49:18",155.5,15.9,7,132.6,95.2,
"2021-02-05 07:39:53",156,16,7,133,95.6,
"2021-02-04 07:27:08",156.2,15.6,7,133.6,96.5,
"2021-02-03 08:07:30",155.8,15.1,7,133.6,96.8,
"2021-02-02 07:59:25",157.1,16.2,7,133.9,96.5,
"2021-02-01 08:10:52",159.5,16.2,7.2,136.1,98.9,
"2021-01-31 10:00:08",158.2,17.1,7,134,96.1,
"2021-01-30 11:59:19",157.1,16.1,7,133.9,96.6,
"2021-01-29 09:28:31",156.5,16.7,7,132.8,95.1,
"2021-01-28 07:54:20",156.8,17,7,132.8,95,
"2021-01-27 08:28:29",158.2,16.2,7.1,134.9,97.5,
"2021-01-26 07:57:37",160.7,17.4,7.1,136.1,98.3,
"2021-01-25 07:50:49",163.4,17.7,7.3,138.5,100.6,
"2021-01-24 09:44:36",158.6,16.2,7.1,135.3,98,
"2021-01-23 08:26:08",154.7,15.3,7,132.4,95.3,
"2021-01-21 08:03:17",157,16.5,7,133.4,95.8,
"2021-01-16 10:03:45",155.6,14.9,7,133.7,96.9,
"2021-01-15 08:21:21",154.7,15.2,7,132.5,95.4,
"2021-01-14 08:10:53",152,14.2,6.9,130.9,94.2,
"2021-01-13 08:17:54",155,14.9,7,133.1,96.3,
"2021-01-12 09:18:11",155.6,15.6,7,133,95.8,
"2021-01-11 07:51:28",156,15.7,7,133.3,96.1,
"2021-01-10 12:15:22",156.2,15.8,7,133.4,96.2,
"2021-01-10 09:10:43",156,15.3,7,133.6,96.6,
"2021-01-09 08:21:31",156.2,15.4,7,133.8,96.8,
"2021-01-08 07:48:09",156,15.8,7,133.2,95.9,
"2021-01-07 07:37:54",154.2,15,6.9,132.3,95.3,
"2021-01-06 07:56:31",155.9,15.9,7,133,95.7,
"2021-01-05 08:16:00",155.7,15.6,7,133.1,95.9,
"2021-01-04 07:45:42",155.3,15.6,7,132.8,95.5,
"2020-12-23 07:28:55",154.5,15.2,7,132.4,95.3,
"2020-12-22 08:24:59",155.7,14.9,7.1,133.7,97,
"2020-12-21 08:12:21",155.3,14.5,7.1,133.7,97.2,
"2020-11-09 07:40:00",160.2,16.7,7.2,136.3,98.8,
"2020-11-06 07:17:16",153.7,,,,,
"2020-11-05 07:54:20",153.3,14.2,7,132.1,95.5,
"2020-11-04 11:57:20",153.3,14,7,132.3,95.9,
"2020-11-03 08:20:39",152,14.7,6.9,130.5,93.5,
"2020-11-02 07:27:57",153.7,17,6.8,129.9,93.7,
"2020-11-02 07:25:44",153.6,17.2,6.8,129.7,93.5,
"2020-11-02 07:19:36",153.6,17.3,6.8,129.4,93.2,
"2020-10-14 17:51:55",151.7,15.4,6.8,129.4,93.9,
"2020-09-22 07:18:17",154.7,17.4,6.9,130.5,94.2,
"2020-09-18 07:32:08",150.2,15.5,6.7,127.9,92.3,
"2020-09-11 08:09:09",151.7,14.5,6.9,130.3,95.4,
"2020-09-10 07:58:23",151.3,15.1,6.8,129.4,94.1,
"2020-09-09 06:29:01",152.8,16.2,6.8,129.8,94,
"2020-09-04 06:26:36",152.1,16.7,6.7,128.6,92.5,
"2020-08-28 08:49:55",154.2,14.4,7,132.8,98.2,
"2020-08-27 08:41:25",156.1,15.6,7,133.5,98.2,
"2020-08-26 09:20:36",157.5,14.9,7.2,135.4,100.7,
"2020-08-20 07:30:40",150.3,14.2,6.8,129.3,94.4,
"2020-08-19 07:28:01",150.1,15.3,6.7,128,92.5,
"2020-08-18 07:03:30",148.7,14.8,6.7,127.2,91.8,
"2020-08-17 07:38:07",150.9,15.9,6.7,128.3,92.5,
"2020-08-14 08:45:54",150.9,13.8,6.9,130.2,95.7,
"2020-08-12 10:44:35",151.2,14.2,6.9,130.1,95.4,
"2020-08-10 07:40:08",150.4,15,6.8,128.6,93.3,
"2020-08-07 10:51:30",153.2,16.2,6.8,130.2,94.4,
"2020-08-06 09:00:44",154.3,17.4,6.8,130,93.8,
"2020-08-05 08:47:43",153.7,16.4,6.9,130.5,94.6,
"2020-08-03 10:01:43",158.4,16.1,7.1,135.1,99.7,
"2020-07-29 10:08:11",154.9,14,7.1,133.7,99.6,
"2020-07-28 13:21:14",152,14.6,6.9,130.4,95.4,
"2020-07-27 07:33:35",150.9,14.4,6.8,129.7,94.7,
"2020-07-25 08:14:21",150.9,14.3,6.8,129.7,94.8,
"2020-07-24 08:37:19",149.6,13.6,6.8,129.1,94.5,
"2020-07-18 10:06:24",149.3,14.5,6.7,128,92.8,
"2020-07-17 07:27:03",149.3,15.4,6.7,127.2,91.6,
"2020-07-15 07:46:55",150.4,15.5,6.7,128.2,92.6,
"2020-07-13 06:38:59",154.3,15.4,6.9,131.9,96.6,
"2020-07-09 07:35:59",149.8,15.4,6.7,127.7,92,
"2020-07-08 08:15:10",150.6,15.4,6.7,128.4,92.8,
"2020-07-07 08:39:07",152.3,15.4,6.8,130,94.6,
"2020-07-06 07:20:33",153.1,15.3,6.9,130.9,95.6,
"2020-07-02 08:36:00",149,14.6,6.7,127.7,92.4,
"2020-07-01 08:59:42",150.8,14.3,6.8,129.6,94.7,
"2020-06-30 08:15:28",152.1,14.3,6.9,130.9,96.1,
"2020-06-29 20:43:02",152.9,14.7,6.9,131.2,96.2,
"2020-06-29 09:18:34",152,14.1,6.9,131,96.3,
"2020-06-22 07:01:09",152.2,14.6,6.9,130.7,95.7,
"2020-06-20 11:14:07",151.4,13.6,6.9,130.9,96.6,
"2020-06-17 08:13:18",153.9,14.2,7,132.7,98.2,
"2020-06-13 10:42:34",150.7,13.4,6.9,130.4,96.1,
"2020-06-10 08:41:00",149.8,13.7,6.8,129.3,94.6,
"2020-06-08 07:30:02",153.8,15.6,6.9,131.2,95.8,
"2020-06-05 08:50:30",152.8,16,6.8,130,94.2,
"2020-06-03 08:13:30",152.3,16.7,6.8,128.8,92.8,
"2020-05-30 11:19:04",154.9,15.3,7,132.6,97.4,
"2020-05-29 08:44:24",156.1,16.2,7,132.9,97.2,
"2020-05-28 08:38:44",155.5,17.1,6.9,131.5,95.3,
"2020-05-26 06:45:01",155,17.8,6.8,130.3,93.9,
"2020-05-22 08:58:00",155.6,15.3,7,133.3,98.2,
"2020-05-21 07:18:51",155,16.7,6.9,131.4,95.4,
"2020-05-19 06:56:21",154.5,17.1,6.9,130.5,94.4,
"2020-05-18 16:25:24",155.6,16,7,132.6,97,
"2020-04-27 10:10:22",155.3,15.7,7,132.6,97.2,
"2020-04-26 14:47:54",156.7,14.8,7.1,134.7,100,
"2020-04-23 07:39:01",154.5,17.1,6.9,130.6,94.4,
"2020-04-21 11:33:09",158.4,18,7,133.3,96.9,
"2020-04-16 07:51:48",155.1,18.9,6.8,129.4,92.7,
"2020-04-13 06:45:44",156.8,17.7,6.9,132.1,95.7,
"2020-04-09 07:26:39",154.1,16.7,6.9,130.5,94.5,
"2020-04-08 06:52:12",155.9,,,,,
"2020-04-07 07:21:56",155.2,17.9,6.8,130.4,94,
"2020-04-05 10:02:46",159.8,19.4,7,133.4,96.5,
"2020-04-02 06:34:21",158.2,17.4,7,133.8,97.6,
"2020-04-01 07:13:21",156.9,,,,,
"2020-03-30 18:37:27",159.4,17.5,7.1,134.8,98.6,
"2020-03-27 11:38:59",157.7,17.6,7,133.1,96.8,
"2020-03-09 08:17:40",155.6,17.5,6.9,131.2,94.9,
"2020-03-08 07:41:03",154.9,16.9,6.9,131.1,95,
"2020-03-05 06:39:06",153.1,,,,,
"2020-03-03 06:49:48",151.6,16,6.8,128.8,92.9,
"2020-02-24 08:11:27",154.2,15.6,6.9,131.6,96.2,
"2020-02-22 10:47:38",155.3,17.9,6.8,130.5,94.1,
"2020-02-21 07:55:54",153.7,17.3,6.8,129.7,93.4,
"2020-02-19 07:44:31",152.5,16.3,6.8,129.3,93.4,
"2020-02-18 07:25:50",154.7,,,,,
"2020-02-17 16:01:19",157.3,17.7,7,132.6,96.3,
"2020-02-14 08:30:58",155.7,18.1,6.9,130.6,94.1,
"2020-02-13 07:18:03",156.7,18,6.9,131.8,95.3,
"2020-02-11 08:14:50",157.3,17.1,7,133.1,97.1,
"2020-02-05 07:57:59",160.9,18,7.1,135.7,99.3,
"2020-02-04 07:13:28",161.9,18.6,7.2,136.2,99.6,
"2020-02-01 10:18:18",157.4,18.1,6.9,132.3,95.9,
"2020-01-30 08:25:00",155.3,17.4,6.9,131,94.7,
"2020-01-29 07:26:34",156.8,18.1,6.9,131.7,95.3,
"2020-01-28 07:42:34",155.2,17.7,6.9,130.6,94.2,
"2020-01-27 07:32:20",157.7,18.6,6.9,132.2,95.5,
"2020-01-26 10:36:58",159.7,,,,,
"2020-01-25 10:12:58",158.9,18.1,7,133.7,97.3,
"2020-01-24 09:33:44",156.9,17.2,7,132.7,96.6,
"2020-01-23 23:15:07",159,17.5,7.1,134.4,98.1,
"2020-01-19 15:11:28",157.7,17.3,7,133.4,97.2,
"2020-01-18 11:44:31",157.5,17.9,6.9,132.6,96.1,
"2020-01-17 06:14:07",157,18.8,6.9,131.3,94.6,
"2020-01-16 08:20:44",159,18.2,7,133.7,97.1,
"2020-01-14 08:23:10",156.8,16.5,7,133.3,97.5,
"2020-01-13 06:41:22",159.8,,,,,
"2020-01-06 06:39:49",159.1,,,,,
"2020-01-05 11:07:46",157.8,,,,,
"2020-01-04 09:51:43",157.4,,,,,
"2019-12-30 15:03:11",156.5,18.3,6.9,131.3,94.8,
"2019-12-13 07:09:27",159.2,,,,,
"2019-12-07 12:27:25",159.7,,,,,
"2019-12-03 07:00:52",159.6,,,,,
"2019-11-27 07:14:15",158.7,,,,,
"2019-11-26 16:24:41",158.1,,,,,
"2019-11-25 06:23:50",163,,,,,
"2019-11-20 06:46:22",157.4,,,,,
"2019-11-18 06:33:33",159.1,,,,,
"2019-11-16 08:07:53",159,,,,,
"2019-11-15 17:27:44",157.8,,,,,
"2019-11-04 06:20:17",159.5,,,,,
"2019-11-03 09:44:40",160.2,17.7,7.1,135.3,99,
"2019-10-31 06:47:17",157.3,,,,,
"2019-10-29 08:04:23",159,18.5,7,133.5,96.9,
"2019-10-22 06:48:37",156.1,18.3,6.9,130.9,94.4,
"2019-10-02 08:19:56",152.8,16.3,6.8,129.7,93.8,
"2019-10-01 07:03:52",153.1,16.8,6.8,129.5,93.4,
"2019-09-30 07:11:46",154.3,16.5,6.9,130.9,95,
"2019-09-29 11:18:36",155.7,16.3,7,132.5,96.7,
"2019-09-28 08:49:34",151.9,16.2,6.8,128.9,93,
"2019-09-27 07:13:18",152.9,16.3,6.8,129.7,93.8,
"2019-09-26 06:57:44",154.8,16.9,6.9,131,94.9,
"2019-09-25 05:36:15",155.7,17,6.9,131.7,95.7,
"2019-09-24 07:14:08",153.9,16.7,6.8,130.4,94.3,
"2019-09-23 07:54:31",156.1,17.3,6.9,131.9,95.6,
"2019-09-21 06:27:31",155.7,17.4,6.9,131.4,95.1,
"2019-09-20 06:26:46",156.3,16.9,6.9,132.4,96.4,
"2019-09-19 05:43:56",155.6,16.7,6.9,131.9,96,
"2019-09-11 07:38:31",152.7,15.6,6.8,130.2,94.6,
"2019-09-10 06:10:59",153.1,16.7,6.8,129.6,93.5,
"2019-09-07 09:55:04",156.3,17.3,6.9,132.1,95.8,
"2019-09-06 07:45:40",154.9,15,7,132.9,97.8,
"2019-09-04 07:41:35",153.9,16,6.9,130.9,95.2,
"2019-09-03 18:51:14",153,,,,,
"2019-09-02 11:21:56",155.4,15.6,7,132.7,97.3,
"2019-08-29 22:53:59",153.5,13.9,7,132.5,98.2,
"2019-08-29 07:55:39",153.1,16.8,6.8,129.4,93.3,
"2019-08-28 06:15:40",154.1,17.2,6.8,130.1,93.9,
"2019-08-27 21:12:30",154.9,17.4,6.9,130.6,94.3,
"2019-08-26 20:45:49",154.7,13.5,7.1,134,100.2,
"2019-08-26 05:50:01",153.9,16.8,6.8,130.2,94.1,
"2019-08-24 10:57:12",152,16,6.8,129.2,93.4,
"2019-08-10 14:43:09",155.6,15.7,7,132.9,97.5,
"2019-08-07 14:27:30",150.4,14.7,6.8,128.9,93.7,
"2019-08-07 09:58:44",152.2,15.4,6.8,129.9,94.4,
"2019-08-06 14:09:15",153.2,14.7,6.9,131.5,96.5,
"2019-08-02 10:30:37",150.8,15.2,6.8,128.8,93.3,
"2019-08-01 11:39:03",150.9,15.5,6.7,128.6,92.9,
"2019-07-31 14:15:12",152,15,6.9,130.2,94.9,
"2019-07-31 08:48:30",151.2,15.4,6.8,129,93.4,
"2019-07-30 14:18:05",151,13.9,6.9,130.2,95.5,
"2019-07-29 18:29:37",152,13.8,6.9,131.3,96.8,
"2019-07-29 12:22:31",152.8,15,6.9,131,95.7,
"2019-07-26 09:18:38",151.8,14.9,6.8,130,94.7,
"2019-07-25 22:44:00",154,16,6.9,131,95.3,
"2019-07-25 16:44:36",153.4,,,,,
"2019-07-24 23:34:58",154,14.4,7,132.6,97.9,
"2019-07-24 15:03:09",149.8,15.4,6.7,127.7,92,
"2019-07-23 13:04:54",150.2,14.3,6.8,129.1,94.1,
"2019-07-23 09:59:14",151,15,6.8,129.2,93.9,
"2019-07-22 23:52:43",152.8,15.2,6.9,130.6,95.3,
"2019-07-22 13:54:36",152.7,14.5,6.9,131.2,96.3,
"2019-07-21 23:28:07",153.7,15.8,6.9,131,95.4,
"2019-07-21 12:46:31",152.6,13.7,7,131.9,97.5,
"2019-07-20 14:03:45",151.7,13.7,6.9,131,96.5,
"2019-07-19 14:34:41",149.8,14.5,6.8,128.6,93.3,
"2019-07-18 11:03:17",152,15.8,6.8,129.3,93.6,
"2019-07-17 09:39:06",151.9,15.9,6.8,129.2,93.4,
"2019-07-16 23:50:49",154.4,16,6.9,131.4,95.8,
"2019-07-16 08:05:16",152.8,16,6.8,129.9,94.2,
"2019-07-15 20:02:43",151.7,13.8,6.9,131,96.4,
"2019-07-15 10:40:38",153.4,15.7,6.9,130.8,95.3,
"2019-07-14 10:16:01",152.4,16.2,6.8,129.4,93.5,
"2019-07-13 15:21:29",152.4,14.7,6.9,130.8,95.6,
"2019-07-13 15:20:35",152.3,,,,,
"2019-07-12 13:06:43",150.4,13.9,6.8,129.7,94.9,
"2019-07-12 13:06:16",150.3,,,,,
"2019-07-11 15:56:37",152.2,14.2,6.9,131,96.3,
"2019-07-11 09:31:22",152.6,15.7,6.8,130,94.4,
"2019-07-10 17:34:15",151.9,14,6.9,131,96.3,
"2019-07-09 10:07:42",152,16.2,6.8,128.9,93.1,
"2019-07-08 10:00:27",151.2,16.3,6.7,128.2,92.2,
"2019-07-07 09:27:32",154.3,17.3,6.8,130.2,94,
"2019-07-06 09:37:51",153.2,16.8,6.8,129.7,93.6,
"2019-07-05 09:05:16",155.1,17.6,6.9,130.6,94.2,
"2019-07-04 07:53:42",151.1,16.5,6.7,127.9,91.8,
"2019-07-03 10:56:23",153,17,6.8,129.3,93.1,
"2019-07-02 10:27:56",151.4,16,6.7,128.6,92.7,
"2019-07-01 10:32:48",151,15.2,6.8,129,93.6,
"2019-06-30 07:59:16",153.7,17.2,6.8,129.7,93.5,
"2019-06-29 12:55:37",152.6,15.3,6.9,130.4,95,
"2019-06-28 10:59:28",153.4,16.4,6.8,130.1,94.2,
"2019-06-27 09:38:49",150.4,16.2,6.7,127.5,91.6,
"2019-06-26 10:10:40",151.2,16.1,6.7,128.3,92.4,
"2019-06-25 09:13:03",153.9,17.7,6.8,129.4,93,
"2019-06-24 08:21:55",152.8,16.5,6.8,129.4,93.4,
"2019-06-20 17:35:35",152.1,15.2,6.8,130,94.6,
"2019-06-20 07:34:35",152,,,,,
"2019-06-19 06:25:35",152,16.3,6.8,128.8,92.9,
"2019-06-18 17:17:29",152.5,,,,,
"2019-05-21 09:39:04",154.1,17.3,6.8,129.9,93.7,
"2019-05-20 10:13:51",156.8,18.2,6.9,131.7,95.1,
"2019-05-19 11:18:11",157.1,18.3,6.9,131.9,95.3,
"2019-05-18 10:55:22",157.7,18.8,6.9,131.9,95.2,
"2019-05-17 10:11:46",159.2,17,7.1,135,99,
"2019-05-16 10:20:18",158.3,17.7,7,133.6,97.3,
"2019-05-15 11:08:20",158,18.6,6.9,132.4,95.7,
"2019-05-14 10:44:35",158.1,17.8,7,133.3,96.9,
"2019-05-12 10:56:34",155.4,16.6,6.9,131.8,95.9,
"2019-05-11 08:32:28",152.6,15.1,6.9,130.6,95.3,
"2019-05-10 10:43:11",157.3,16.7,7,133.5,97.6,
"2019-05-09 14:01:48",155.2,17,6.9,131.3,95.2,
"2019-05-08 08:34:44",154.1,16.1,6.9,131.2,95.4,
"2019-05-07 06:48:04",152,16.1,6.8,129,93.1,
"2019-05-06 08:57:25",154.1,16.2,6.9,130.9,95.1,
"2019-05-05 20:06:12",156.8,16.5,7,133.2,97.4,
"2019-05-05 07:45:39",155.3,16.7,6.9,131.7,95.7,
"2019-05-04 07:06:22",153.6,16.1,6.9,130.6,94.8,
"2019-05-03 08:09:45",154,16.6,6.9,130.5,94.6,
"2019-05-02 10:09:16",154.3,16.1,6.9,131.3,95.5,
"2019-05-01 09:08:41",154.5,16.6,6.9,130.9,94.9,
"2019-04-30 10:28:03",154.8,15.8,6.9,132,96.4,
"2019-04-29 22:34:34",157.9,15.8,7.1,135,99.6,
"2019-04-27 11:18:40",151.7,15.3,6.8,129.6,94.1,
"2019-04-25 08:05:53",155.3,,,,,
"2019-04-24 09:16:58",155.4,17.7,6.9,130.8,94.4,
"2019-04-23 23:25:06",157.2,15.7,7.1,134.5,99.1,
"2019-04-23 10:52:50",157.6,17.7,7,132.9,96.6,
"2019-04-22 22:52:50",161,17.3,7.2,136.4,100.3,
"2019-04-22 16:32:43",161.6,16.6,7.3,137.7,102.1,
"2019-04-20 09:52:50",154.5,16.1,6.9,131.5,95.8,
"2019-04-19 12:50:03",151.3,14.7,6.8,129.8,94.6,
"2019-04-19 09:16:03",152.5,15.7,6.8,130,94.3,
"2019-04-18 23:38:30",154.4,17,6.9,130.6,94.4,
"2019-04-18 15:36:46",153.7,,,,,
"2019-04-18 09:36:07",151.4,14.2,6.9,130.4,95.5,
"2019-04-18 07:06:45",153.5,16.6,6.8,130,94,
"2019-04-17 18:27:24",151.8,13.4,6.9,131.4,97.3,
"2019-04-17 08:59:24",153.3,16.7,6.8,129.7,93.6,
"2019-04-16 09:22:55",152.6,16.3,6.8,129.6,93.7,
"2019-04-16 06:40:10",152.5,16.4,6.8,129.3,93.3,
"2019-04-15 16:54:57",153.2,15.2,6.9,131,95.7,
"2019-04-15 09:13:38",153.6,16.6,6.8,130.1,94.1,
"2019-04-14 11:12:16",155.2,17.6,6.9,130.8,94.4,
"2019-04-13 11:04:10",154.1,15.9,6.9,131.3,95.6,
"2019-04-12 09:03:24",154.1,18.2,6.8,129.2,92.7,
"2019-04-11 09:08:36",155.2,18,6.8,130.4,94,
"2019-04-11 09:08:04",155.1,,,,,
"2019-04-09 09:41:59",157,17.8,6.9,132.3,95.9,
"2019-04-08 09:44:16",156.9,18.3,6.9,131.7,95.2,
"2019-04-06 08:50:16",156.7,16.5,7,133.2,97.4,
"2019-04-05 13:26:29",153.4,16.8,6.8,129.8,93.7,
"2019-04-04 19:49:32",154.5,17.8,6.8,129.9,93.5,
"2019-04-04 09:36:20",152.9,17.2,6.7,128.9,92.6,
"2019-04-03 21:40:51",156,,,,,
"2019-04-03 08:55:17",155.3,17.5,6.9,130.9,94.6,
"2019-04-02 09:31:27",157.7,,,,,
"2019-04-02 09:15:28",157.7,18,7,132.7,96.3,
"2019-04-01 08:31:01",158.7,18.7,7,132.9,96.2,
"2019-03-30 12:13:44",155.9,18.4,6.8,130.6,94,
"2019-03-29 10:11:24",155.1,18.3,6.8,130,93.5,
"2019-03-28 07:56:41",158.2,20.1,6.9,131.2,94.2,
"2019-03-27 08:48:59",160.6,19.6,7,133.9,96.9,
"2019-03-26 12:55:07",159,18.8,7,133.2,96.5,
"2019-03-14 08:36:42",155.3,17.3,6.9,131.1,94.8,
"2019-03-13 17:12:35",157.7,17.9,7,132.8,96.4,
"2019-03-13 09:19:13",157.7,18.3,6.9,132.4,95.8,
"2019-03-12 09:11:04",157.4,16.4,7.1,133.9,98.2,
"2019-03-12 08:03:19",158.6,17.9,7,133.6,97.2,
"2019-03-11 21:59:35",160.8,,,,,
"2019-03-11 20:59:14",159.3,15.8,7.2,136.3,101.1,
"2019-03-11 09:51:35",161.1,16.3,7.3,137.5,102,
"2019-03-11 07:48:24",163.3,18.2,7.3,137.8,101.3,
"2019-03-10 12:58:34",162.2,17.3,7.3,137.6,101.6,
"2019-03-09 09:14:12",159.3,19.1,7,133.2,96.4,
"2019-03-08 18:22:08",156.2,14.4,7.1,134.6,100.1,
"2019-03-08 09:08:55",156.7,16.9,7,132.8,96.7,
"2019-03-07 10:01:36",155.3,15.1,7,133.1,98,
"2019-03-07 08:23:14",155.8,16.5,6.9,132.3,96.4,
"2019-03-05 09:02:15",154.4,,,,,
"2019-03-04 09:30:30",155.2,17.1,6.9,131.2,95.1,
"2019-03-03 12:41:10",156.9,,,,,
"2019-03-02 12:03:36",156.1,16,7,133,97.4,
"2019-03-01 07:24:56",154.3,16.1,6.9,131.3,95.5,
"2019-02-28 16:34:40",152.4,15.4,6.8,130.2,94.6,
"2019-02-28 07:22:13",153.7,16.1,6.9,130.7,95,
"2019-02-27 20:47:00",155,,,,,
"2019-02-27 20:46:28",156.4,16.8,7,132.7,96.7,
"2019-02-27 08:51:38",152.5,14.7,6.9,130.9,95.8,
"2019-02-26 08:52:23",153.1,,,,,
"2019-02-25 20:39:48",155.1,15.6,7,132.5,97.1,
"2019-02-25 09:49:25",157.6,15.3,7.1,135.1,100,
"2019-02-25 08:01:49",159.9,17.8,7.1,134.9,98.6,
"2019-02-24 15:42:35",158.4,16.6,7.1,134.7,98.9,
"2019-02-23 11:17:30",154.8,,,,,
"2019-02-22 15:08:33",151.9,15.7,6.8,129.3,93.6,
"2019-02-21 09:48:29",151.4,15.8,6.8,128.8,93.1,
"2019-02-21 07:50:50",151.7,15.6,6.8,129.2,93.5,
"2019-02-20 09:55:01",153.4,15.4,6.9,131,95.6,
"2019-02-19 23:06:34",156,,,,,
"2019-02-19 09:32:08",153.4,17.1,6.8,129.5,93.3,
"2019-02-18 20:06:55",155.8,17.7,6.9,131.2,94.8,
"2019-02-18 07:10:17",154.4,16.7,6.9,130.8,94.8,
"2019-02-17 22:28:00",157.3,18.1,6.9,132.3,95.8,
"2019-02-14 23:08:05",157.9,17.1,7,133.8,97.7,
"2019-02-14 09:19:04",155.2,17.5,6.9,130.8,94.5,
"2019-02-13 05:53:20",153.5,15.9,6.9,130.7,95,
"2019-02-12 09:11:10",153.3,16.9,6.8,129.6,93.5,
"2019-02-12 09:10:39",153.3,,,,,
"2019-02-11 09:46:11",154.9,17.1,6.9,130.9,94.8,
"2019-02-11 08:27:58",156.7,17.7,6.9,132,95.6,
"2019-02-10 13:13:57",156.2,17,6.9,132.2,96.2,
"2019-02-09 10:55:11",155.1,16.6,6.9,131.5,95.5,
"2019-02-09 01:18:46",158,16.9,7.1,134,98.1,
"2019-02-08 08:54:13",153.2,16.5,6.8,129.9,93.9,
"2019-02-07 09:32:41",154.8,17.3,6.9,130.7,94.4,
"2019-02-06 09:14:29",154.7,16,6.9,131.7,96,
"2019-02-05 08:57:57",154.4,17.2,6.8,130.4,94.1,
"2019-02-04 09:49:01",157.8,16.2,7.1,134.5,98.9,
"2019-02-04 08:45:14",159.1,16.9,7.1,135.1,99.2,
"2019-02-03 23:51:44",162.2,15.1,7.5,139.6,105.2,
"2019-02-03 12:01:58",158.5,16.3,7.1,135,99.4,
"2019-02-02 19:44:48",156.9,14.4,7.2,135.3,100.8,
"2019-02-02 10:48:21",154,15.5,6.9,131.6,96.1,
"2019-02-02 10:21:35",153.9,15.9,6.9,131.2,95.5,
"2019-02-01 09:20:41",155.5,18.3,6.8,130.3,93.8,
"2019-01-31 09:27:21",154.7,18.8,6.8,129.1,92.5,
"2019-01-31 07:46:30",154,17.9,6.8,129.3,92.9,
"2019-01-30 11:49:36",154.4,17,6.8,130.5,94.4,
"2019-01-30 09:29:46",155.9,17.9,6.9,131,94.6,
"2019-01-29 23:28:39",158.1,18.3,7,132.8,96.2,
"2019-01-28 09:03:20",158.9,19.4,6.9,132.6,95.7,
"2019-01-28 07:19:44",158.6,18.3,7,133.2,96.6,
"2019-01-27 11:21:45",159.1,17.8,7.1,134.2,97.9,
"2019-01-26 12:55:33",157.8,18.2,6.9,132.6,96.1,
"2019-01-25 09:37:49",156.1,16.2,7,132.9,97.2,
"2019-01-24 09:11:56",155.7,18.2,6.8,130.6,94,
"2019-01-23 07:24:49",154.5,17.2,6.8,130.4,94.2,
"2019-01-22 08:48:06",155.1,16.2,6.9,131.9,96.1,
"2019-01-21 15:04:08",155.4,17.7,6.9,130.8,94.4,
"2019-01-20 13:31:23",154.1,17.5,6.8,129.8,93.5,
"2019-01-19 09:08:34",154.8,,,,,
"2019-01-18 17:19:08",155.1,17.7,6.8,130.6,94.2,
"2019-01-18 09:44:00",154.8,17.7,6.8,130.3,93.9,
"2019-01-18 01:12:37",154.1,14.9,7,132.1,97,
"2019-01-17 11:45:57",155,15.5,7,132.4,97,
"2019-01-17 11:27:26",155.4,17,6.9,131.4,95.2,
"2019-01-17 11:25:02",153.2,,,,,
