Date,Active energy burned(Cal),Apple Watch stand hours(hr),Basal energy burned(Cal),Distance cycling(mi),Distance walking / running(mi),Exercise time(min),Flights climbed(count),Heart rate(count/min),Resting heart rate(count/min),Stand time(min),Step count(count),Walking heart rate average(count/min)
2020-01-01,400.887,,,,3.957,,11.000,61.797,,,10153.000,
2020-01-02,478.904,,,,3.651,,9.000,62.623,,,9647.000,
2020-01-03,264.575,,,,2.151,,1.000,51.582,,,4975.000,
2020-01-04,378.861,,,,1.827,,10.000,50.871,,,4120.000,
2020-01-05,550.222,,,,4.106,,27.000,57.118,,,8875.000,
2020-01-06,954.741,,,,3.639,,14.000,55.190,,,9206.000,
2020-01-07,597.062,,,,2.949,,7.000,55.627,,,7172.000,
2020-01-08,1376.283,,,,4.384,,10.000,53.495,,,10982.000,
2020-01-09,737.510,,,,6.346,,19.000,56.801,,,14800.000,
2020-01-10,463.236,,,,1.406,,12.000,54.829,,,2986.000,
2020-01-11,466.546,,,,2.019,,15.000,55.944,,,4486.000,
2020-01-12,590.221,,,,4.106,,9.000,60.989,,,9326.000,
2020-01-13,1080.127,,,,3.696,,4.000,50.227,,,9033.000,
2020-01-14,732.419,,,,3.674,,9.000,52.785,,,9265.000,
2020-01-15,753.872,,,,5.357,,19.000,56.127,,,12953.000,
2020-01-16,843.690,,,,3.313,,3.000,54.044,,,7947.000,
2020-01-17,790.323,,,,3.039,,14.000,53.289,,,7014.000,
2020-01-18,381.466,,,,2.307,,10.000,64.220,,,5110.000,
2020-01-19,564.707,,,,3.306,,9.000,52.366,,,7440.000,
2020-01-20,825.716,,,5.970,4.871,,13.000,53.484,,,11247.000,
2020-01-21,478.573,,,,2.966,,14.000,54.655,,,7177.000,
2020-01-22,475.142,,,,1.997,,3.000,52.559,,,4721.000,
2020-01-23,408.573,,,,2.546,,10.000,49.486,,,6099.000,
2020-01-24,451.809,,,,4.032,,25.000,53.684,,,9311.000,
2020-01-25,542.048,,,,1.948,,25.000,54.316,,,4203.000,
2020-01-26,426.121,,,,0.637,,5.000,53.834,,,1557.000,
2020-01-27,944.997,,,,3.597,,4.000,50.753,,,8657.000,
2020-01-28,471.617,,,,2.965,,9.000,54.039,,,7223.000,
2020-01-29,611.756,,,,2.769,,8.000,51.099,,,6718.000,
2020-01-30,631.580,8.000,826.994,,5.315,35.000,13.000,58.072,62.000,,11879.000,122.000
2020-01-31,1205.633,2.000,1741.413,,4.541,23.000,14.000,59.644,,,9382.000,
2020-02-01,614.078,10.000,1798.969,,3.870,8.000,13.000,58.229,57.000,60.000,8167.850,98.000
2020-02-02,364.476,12.000,1822.550,,1.241,10.000,5.000,57.972,58.000,57.000,2949.069,
2020-02-03,731.146,14.000,1859.469,,5.372,52.000,25.000,58.368,59.000,192.000,12961.521,97.000
2020-02-04,831.023,13.000,1828.495,,4.632,29.000,13.000,57.681,55.000,137.000,10508.888,101.000
2020-02-05,614.699,15.000,1877.082,,3.751,24.000,5.000,60.868,58.000,147.000,8744.975,88.000
2020-02-06,580.499,15.000,1852.838,,4.132,23.000,3.000,66.194,59.000,148.000,9776.534,85.000
2020-02-07,354.151,6.000,1761.815,,1.503,6.000,7.000,51.940,57.000,56.000,3507.231,78.000
2020-02-08,364.022,11.000,1801.168,,1.486,5.000,3.000,57.038,55.000,65.000,3503.849,86.000
2020-02-09,269.838,2.000,1737.828,,1.752,4.000,11.000,53.153,56.000,17.000,3968.000,86.000
2020-02-10,622.767,10.000,1795.550,,1.926,13.000,2.000,52.997,55.000,76.000,4621.066,86.000
2020-02-11,427.259,10.000,1803.656,,1.935,13.000,9.000,55.232,59.000,83.000,4656.000,95.500
2020-02-12,473.478,11.000,1808.070,,2.183,11.000,5.000,54.495,57.000,95.000,5322.299,95.000
2020-02-13,380.839,,1735.224,,0.420,,1.000,50.843,,,1057.000,
2020-02-14,541.467,5.000,1785.112,,2.749,24.000,6.000,56.171,69.000,66.000,6097.655,97.000
2020-02-15,435.681,3.000,1751.503,,1.363,8.000,6.000,60.041,,42.000,3396.000,79.000
2020-02-16,591.281,6.000,1781.900,,3.846,20.000,6.000,53.598,64.000,125.000,9691.000,88.000
2020-02-17,221.094,,1735.224,,0.539,,4.000,49.925,,,1147.000,
2020-02-18,441.897,9.000,1796.603,,1.876,16.000,6.000,50.188,55.000,64.000,4421.508,91.000
2020-02-19,437.825,14.000,1822.023,,2.455,27.000,6.000,53.285,57.000,99.000,5976.406,91.500
2020-02-20,352.089,2.000,1736.447,,1.157,4.000,8.000,51.533,,17.000,2545.000,
2020-02-21,369.737,6.000,1806.064,,1.522,3.000,3.000,56.753,71.000,40.000,3562.724,115.000
2020-02-22,458.910,10.000,1812.727,,3.164,21.000,7.000,59.267,58.000,114.000,7407.231,101.000
2020-02-23,508.799,12.000,1811.708,,3.178,21.000,9.000,56.224,55.000,117.000,7478.000,90.500
2020-02-24,635.489,12.000,1829.433,,2.551,10.000,5.000,60.126,59.000,118.000,6309.680,87.000
2020-02-25,593.224,16.000,1867.661,,3.132,40.000,5.000,56.473,53.000,120.000,8049.565,88.000
2020-02-26,403.304,14.000,1839.234,,0.998,2.000,1.000,55.954,57.000,45.000,2426.871,
2020-02-27,467.002,8.000,1801.418,,1.788,11.000,5.000,54.259,59.000,83.000,4747.505,
2020-02-28,529.703,6.000,1808.795,,2.571,10.000,10.000,97.958,89.000,86.000,6124.352,102.500
2020-02-29,601.765,15.000,1823.549,,5.622,49.000,5.000,75.070,62.000,164.000,12217.510,102.500
2020-03-01,685.147,9.000,1820.304,,7.725,38.000,4.000,55.112,57.000,212.000,18083.062,98.000
2020-03-02,814.384,10.000,1822.031,,5.101,40.000,2.000,57.179,58.000,152.000,11548.832,102.500
2020-03-03,660.029,12.000,1832.412,,3.609,40.000,8.000,58.491,59.000,131.000,8351.833,94.500
2020-03-04,719.344,9.000,1800.067,,3.725,23.000,24.000,56.543,56.000,89.000,8612.916,94.000
2020-03-05,767.317,12.000,1857.541,,4.329,56.000,14.000,59.494,56.000,131.000,10578.683,90.000
2020-03-06,674.803,11.000,1814.058,,5.103,40.000,17.802,59.107,57.000,92.000,11717.000,103.000
2020-03-07,811.617,7.000,1795.166,,5.602,37.000,13.198,61.271,55.000,150.000,13790.067,88.000
2020-03-08,611.058,2.000,1674.718,,3.508,43.000,3.000,54.291,,45.000,7787.575,101.000
2020-03-09,521.909,,1735.224,,2.271,,11.000,49.071,,,5500.000,
2020-03-10,914.233,8.000,1797.750,,4.490,57.000,13.000,54.319,58.000,133.000,10595.846,93.500
2020-03-11,713.905,14.000,1662.103,,6.295,56.000,6.000,56.428,57.000,173.000,14761.577,90.000
2020-03-12,609.346,8.000,667.560,,2.634,25.000,3.000,56.538,59.000,64.000,5039.000,85.500
2020-03-13,607.162,1.000,1659.139,,2.380,25.000,,52.088,,32.000,4506.000,90.000
2020-03-14,389.187,8.000,1691.885,,3.025,12.000,9.000,52.523,60.000,41.000,5748.000,84.000
2020-03-15,655.035,10.000,1783.004,,2.928,17.000,7.000,57.675,58.000,122.000,5630.000,100.000
2020-03-16,559.677,3.000,1751.165,,2.711,40.000,2.000,56.146,57.000,49.000,4989.000,
2020-03-17,338.667,,1735.224,,0.498,,,49.905,,,1028.000,
2020-03-18,706.989,5.000,1768.038,,4.484,5.000,5.000,51.558,61.000,27.000,9168.000,89.000
2020-03-19,317.364,,1723.240,,0.620,6.000,6.000,51.903,,,1227.000,
2020-03-20,46.052,,1722.141,,1.208,5.000,5.000,,,,2338.000,
2020-03-21,431.114,,1722.674,,0.759,5.000,7.000,54.971,,,1531.000,
2020-03-22,375.348,,379.249,,0.448,,3.000,53.124,,,894.000,
2020-03-23,329.838,,1606.632,,0.429,,1.000,51.605,,,909.000,
2020-03-24,539.741,,1606.632,,0.603,,4.000,53.186,,,1286.000,
2020-03-25,534.756,,1606.632,,3.544,,10.000,55.981,,,6789.000,
2020-03-26,612.855,,1606.632,,2.665,,9.000,59.520,,,5511.000,
2020-03-27,410.023,,1606.632,,3.868,,2.000,55.668,,,7572.000,
2020-03-28,495.100,,1606.632,,3.369,,,52.806,,,6245.000,
2020-03-29,551.311,2.000,1636.112,,2.050,23.000,7.000,52.846,,31.000,3877.000,119.000
2020-03-30,407.122,,1729.392,,1.485,,,54.413,,,3210.000,
2020-03-31,426.800,,1729.392,,1.301,,,52.822,,,2740.000,
2020-04-01,644.313,13.000,1821.725,,5.390,70.000,9.000,60.345,63.000,106.000,9985.195,106.000
2020-04-02,475.355,5.000,1752.938,,3.051,26.000,4.000,61.636,54.000,31.000,6109.000,100.000
2020-04-03,455.053,,1729.392,,4.360,,,56.195,,,8975.000,
2020-04-04,588.125,6.000,1766.464,,3.709,26.000,5.000,79.461,63.000,63.000,7190.000,101.000
2020-04-05,940.893,3.000,1739.672,,5.786,24.000,7.000,56.578,,48.000,11822.000,95.000
2020-04-06,696.587,10.000,1788.040,,4.245,56.000,3.000,60.764,56.000,97.000,7790.000,93.000
2020-04-07,745.146,2.000,1737.341,,4.950,27.000,6.000,56.304,,30.000,8166.000,106.000
2020-04-08,561.158,1.000,1731.164,,2.989,43.000,1.000,59.014,,45.000,4949.000,97.000
2020-04-09,540.997,,1729.392,,4.450,,9.000,56.563,,,8413.000,
2020-04-10,685.785,,1729.392,,3.183,,17.000,62.515,,,6789.000,
2020-04-11,794.741,12.000,1816.623,,6.415,32.000,17.000,61.887,57.000,121.000,10769.000,132.000
2020-04-12,448.254,1.000,1725.433,,0.967,7.000,6.000,54.557,,2.000,2129.745,
2020-04-13,633.946,2.000,926.797,,1.921,26.000,2.000,68.612,,29.000,3131.000,104.000
2020-04-14,454.299,,1084.183,,,,,53.521,,,,
2020-04-15,336.383,,1729.392,,0.084,,,54.008,,,169.000,
2020-04-16,473.658,,1729.392,,1.819,,4.000,57.192,,,3909.000,
2020-04-17,224.289,,1729.392,,0.101,,,56.005,,,207.000,
2020-04-18,391.384,,1729.392,,3.535,,,67.588,,,7334.000,
2020-04-19,698.867,,1729.392,,2.505,,8.000,54.515,,,5514.000,
2020-04-20,329.248,,1729.392,,1.799,,5.000,50.218,,,3920.000,
2020-04-21,694.985,2.000,1745.179,,4.658,52.000,9.000,58.103,,55.000,8674.000,95.000
2020-04-22,478.988,,1729.392,,3.143,,9.000,49.989,,,6579.000,
2020-04-23,521.961,,1729.392,,1.922,,12.000,51.422,,,4093.000,
2020-04-24,580.717,,1729.392,,3.983,,8.000,49.466,,,8430.000,
2020-04-25,618.959,,1729.392,,3.902,,9.000,55.067,,,8661.000,
2020-04-26,642.969,,1729.392,,8.151,,10.000,53.527,,,16972.000,
2020-04-27,695.999,,1729.392,,2.660,,8.000,51.424,,,5753.000,
2020-04-28,897.398,2.000,1737.115,,5.319,19.000,11.000,50.279,,22.000,9594.000,
2020-04-29,377.737,,1729.392,,1.319,,4.000,66.188,,,2873.000,
2020-04-30,575.824,,1729.392,,2.226,,18.000,56.080,,,4503.000,
2020-05-01,810.952,,1729.392,,5.327,,13.000,51.756,,,12107.000,
2020-05-02,8.903,,1729.392,,1.211,,,,,,2564.000,
2020-05-03,496.456,,1729.392,,9.206,,9.000,44.847,,,19038.000,
2020-05-04,463.035,1.000,1739.161,,3.120,32.000,10.496,51.004,,32.000,5673.000,98.000
2020-05-05,440.961,,1729.392,,1.913,,1.000,50.244,,,3373.000,
2020-05-06,400.882,,1729.392,,1.531,,3.000,57.768,,,2233.000,
2020-05-07,453.145,12.000,1816.267,,2.510,23.000,1.000,59.872,58.000,61.000,4440.370,99.500
2020-05-08,464.297,13.000,1803.827,,2.917,28.000,8.000,60.357,57.000,66.000,5209.000,103.000
2020-05-09,352.923,14.000,1797.715,,1.925,21.000,14.000,58.196,51.000,77.000,3465.000,98.000
2020-05-10,419.916,13.000,1806.973,,2.157,6.000,4.000,60.054,55.000,68.000,3999.000,118.000
2020-05-11,572.105,12.000,1830.622,,3.636,35.000,4.000,59.679,60.000,113.000,6466.000,131.000
2020-05-12,766.529,13.000,1848.171,,6.539,89.000,7.000,61.569,60.000,143.000,11755.000,104.000
2020-05-13,515.431,1.000,1734.416,,3.472,42.000,9.000,56.533,,39.000,6466.000,100.000
2020-05-14,507.825,,1729.392,,3.084,,3.000,50.764,,,6329.000,
2020-05-15,546.604,5.000,1771.498,,3.663,25.000,6.000,61.364,68.000,42.000,6682.000,97.000
2020-05-16,683.020,14.000,1876.164,,6.676,59.000,,62.739,57.000,165.000,12448.118,86.500
2020-05-17,512.909,5.000,1757.163,,3.329,34.000,9.000,57.024,52.000,54.000,6346.000,
2020-05-18,512.912,2.000,1743.503,,3.048,48.000,3.000,53.327,,49.000,5493.000,97.000
2020-05-19,590.872,,1729.042,,3.071,,4.000,49.570,,,5519.000,
2020-05-20,717.865,5.000,1787.674,,4.500,71.000,7.000,67.457,62.000,80.000,8230.000,89.000
2020-05-21,447.181,4.000,1750.084,,2.122,21.000,9.000,66.968,56.000,38.000,3783.250,99.000
2020-05-22,747.708,4.000,1740.644,,7.128,47.000,9.000,58.820,50.000,53.000,12719.305,97.000
2020-05-23,847.887,16.000,1839.920,,6.835,104.000,4.000,75.515,51.000,173.000,12874.695,98.000
2020-05-24,737.408,16.000,1870.944,,6.487,82.000,7.000,79.923,48.000,159.000,12017.966,93.000
2020-05-25,533.251,12.000,1825.664,,2.908,28.000,6.000,70.161,57.000,69.000,5223.034,110.000
2020-05-26,768.718,9.000,1784.480,,5.872,74.000,5.000,82.599,59.000,102.000,9748.000,101.000
2020-05-27,571.413,7.000,1780.768,,5.031,65.000,13.000,60.295,48.000,89.000,8131.000,101.000
2020-05-28,745.060,6.000,1764.124,,5.397,81.000,8.000,61.520,59.000,93.000,9527.000,97.000
2020-05-29,1145.862,15.000,1856.008,,10.112,134.000,17.000,85.226,52.000,193.000,16778.000,102.000
2020-05-30,726.240,12.000,1832.013,,4.650,54.000,4.000,62.767,50.000,141.000,8442.000,98.000
2020-05-31,721.166,19.000,1850.928,,6.200,62.000,11.000,70.941,53.000,200.000,11276.738,92.000
2020-06-01,135.588,8.000,1705.217,,1.574,3.000,2.000,52.318,45.000,20.000,3036.000,82.000
2020-06-02,546.314,10.000,1782.362,,2.361,26.000,4.000,50.860,44.000,56.000,4274.000,96.500
2020-06-03,757.926,12.000,1837.328,,6.751,82.000,17.000,57.616,50.000,131.000,11154.000,105.000
2020-06-04,620.759,9.000,1772.670,,4.062,53.000,4.000,55.282,46.000,85.000,6946.000,98.000
2020-06-05,773.747,12.000,1804.334,,6.233,84.000,9.000,79.456,44.000,107.000,10268.000,109.500
2020-06-06,1030.665,14.000,1857.160,,10.986,135.000,6.000,61.331,50.000,249.000,20189.000,103.000
2020-06-07,587.488,7.000,1786.191,,5.406,55.000,5.000,54.166,55.000,136.000,9949.000,
2020-06-08,586.095,11.000,1789.233,,4.372,57.000,3.000,57.868,51.000,83.000,7423.000,99.000
2020-06-09,394.163,3.000,1730.609,,1.710,25.000,7.000,56.358,43.000,31.000,3072.000,96.000
2020-06-10,597.623,10.000,1807.887,,4.781,39.000,9.000,59.415,58.000,72.000,6796.000,137.500
2020-06-11,540.082,4.000,1754.800,,4.008,35.000,8.000,56.171,47.000,43.000,7091.000,99.000
2020-06-12,618.995,3.000,1746.098,,3.377,23.000,10.000,54.843,58.000,28.000,5821.000,94.000
2020-06-13,770.747,14.000,1878.829,,6.700,79.000,7.000,58.214,47.000,212.000,11988.000,108.000
2020-06-14,671.308,13.000,1841.904,,5.592,54.000,5.000,59.099,48.000,116.000,9992.000,102.000
2020-06-15,202.904,1.000,1731.756,,1.612,23.000,7.000,60.494,,26.000,2927.000,94.000
2020-06-16,571.043,6.000,1771.865,4.486,3.099,38.000,14.000,54.636,56.000,60.000,5152.000,89.000
2020-06-17,610.294,10.000,1777.677,,6.029,71.000,11.000,79.298,49.000,111.000,9439.000,96.000
2020-06-18,408.607,8.000,1777.939,,3.667,52.000,7.000,66.223,49.000,78.000,6589.000,100.000
2020-06-19,740.724,11.000,1811.894,,5.724,76.000,16.000,55.432,45.000,157.000,9846.000,110.000
2020-06-20,717.124,12.000,1840.957,,7.199,63.000,11.000,80.593,64.000,170.000,13280.337,94.000
2020-06-21,320.041,9.000,1791.626,,2.444,22.000,16.601,61.180,58.000,62.000,4421.800,
2020-06-22,396.636,8.000,1774.801,,4.424,62.000,2.000,55.040,48.000,87.000,7978.000,90.000
2020-06-23,182.045,2.000,1733.429,,2.367,23.000,9.000,54.871,42.000,30.000,4103.000,90.000
2020-06-24,169.397,5.000,1753.308,,1.932,11.000,6.000,74.650,59.000,32.000,3467.000,82.000
2020-06-25,636.808,6.000,1786.355,5.149,4.636,86.000,10.000,102.755,65.000,106.000,8077.000,104.000
2020-06-26,605.020,9.000,1780.486,,5.242,59.000,4.000,75.056,50.000,111.000,9556.868,99.000
2020-06-27,492.084,12.000,1806.910,,4.796,15.000,5.000,70.361,52.000,146.000,9241.751,100.000
2020-06-28,206.978,6.000,1763.255,,2.080,5.000,,58.521,50.000,57.000,3956.000,
2020-06-29,351.396,3.000,1736.676,,2.492,28.000,7.000,58.805,43.000,40.000,3839.000,97.000
2020-06-30,731.897,14.000,1844.021,,6.142,74.000,8.000,63.588,64.000,138.000,10434.000,95.000
2020-07-01,659.849,7.000,1808.638,,6.472,89.000,7.260,60.624,48.000,115.000,11061.000,103.000
2020-07-02,685.875,13.000,1847.406,,5.217,67.000,2.000,61.351,47.000,132.000,9329.000,104.000
2020-07-03,810.547,15.000,1865.686,,7.193,72.000,19.000,66.466,49.000,184.000,11665.000,98.000
2020-07-04,455.404,18.000,1818.613,,2.987,26.762,11.889,64.762,53.000,132.000,5384.000,103.000
2020-07-05,610.750,10.000,1792.686,,5.555,57.238,6.111,59.602,51.000,119.000,10261.000,98.000
2020-07-06,881.649,13.000,1842.984,,10.033,104.000,4.000,58.884,46.000,211.000,18223.000,103.000
2020-07-07,346.797,11.000,1808.668,,2.292,20.000,7.000,51.444,46.000,70.000,4092.000,85.000
2020-07-08,647.383,16.000,1824.050,,4.844,48.000,10.000,55.599,45.000,110.000,7752.000,85.000
2020-07-09,857.396,13.000,1808.776,,3.771,66.000,4.000,65.559,47.000,109.000,6673.808,125.000
2020-07-10,783.004,12.000,1827.640,,7.482,88.000,5.000,67.234,49.000,163.000,13850.000,122.000
2020-07-11,604.875,15.000,1842.710,,6.587,20.000,1.000,56.748,49.000,197.000,12409.058,
2020-07-12,580.103,9.000,1733.387,,3.183,33.000,4.000,58.426,50.000,80.000,5854.942,100.000
2020-07-13,627.426,11.000,1827.097,,4.886,67.000,12.000,59.574,47.000,98.000,8589.000,99.000
2020-07-14,850.854,11.000,1848.738,,7.626,111.000,2.000,63.406,50.000,169.000,14015.000,104.000
2020-07-15,439.970,12.000,1801.039,,2.864,27.000,3.000,58.538,50.000,80.000,5215.000,109.000
2020-07-16,827.750,11.000,1809.729,,6.926,102.000,10.000,56.891,42.000,145.000,12398.000,94.000
2020-07-17,724.765,15.000,1837.320,2.506,5.229,69.000,18.000,60.585,45.000,138.000,8880.827,90.000
2020-07-18,666.425,11.000,1797.865,,5.929,89.000,10.000,60.553,49.000,120.000,10759.000,99.000
2020-07-19,599.985,15.000,1845.150,,4.988,61.000,10.000,56.100,45.000,168.000,9024.000,87.000
2020-07-20,880.500,15.000,1813.948,,4.646,99.000,5.000,61.269,48.000,139.000,8504.000,95.000
2020-07-21,619.084,14.000,1819.328,,5.263,61.000,6.000,56.026,44.000,117.000,8867.000,92.000
2020-07-22,379.973,11.000,1780.433,,2.843,34.000,6.000,52.293,44.000,78.000,5118.000,92.000
2020-07-23,840.742,13.000,1830.438,,7.650,91.000,4.000,61.346,45.000,181.000,12951.000,98.000
2020-07-24,981.947,12.000,1851.118,,10.200,102.000,13.000,62.231,48.000,223.000,19151.000,98.000
2020-07-25,1006.022,14.000,1865.268,,12.153,121.000,8.000,70.184,64.000,292.000,22896.138,99.000
2020-07-26,553.195,9.000,1781.072,,5.117,78.000,12.000,59.517,47.000,118.000,9307.862,102.000
2020-07-27,666.858,13.000,1813.197,,5.518,72.000,5.000,58.375,45.000,136.000,9813.000,98.000
2020-07-28,623.718,13.000,1836.433,,5.224,59.000,9.000,59.594,48.000,162.000,9544.000,89.000
2020-07-29,903.498,11.000,1828.216,,8.721,127.000,15.000,61.427,46.000,193.000,16268.000,101.000
2020-07-30,528.181,13.000,1874.643,,3.940,37.000,6.000,56.576,46.000,102.000,7452.000,98.000
2020-07-31,569.302,10.000,1808.806,,4.900,63.000,17.000,65.482,56.000,109.000,9483.000,88.000
2020-08-01,415.613,14.000,1848.267,,2.648,13.000,10.000,58.321,55.000,88.000,5032.000,99.000
2020-08-02,496.379,14.000,1876.948,,3.959,18.000,1.000,54.714,45.000,112.000,7625.339,82.000
2020-08-03,489.834,11.000,1797.330,,4.100,53.000,6.000,58.567,48.000,113.000,7379.000,102.000
2020-08-04,551.053,15.000,1808.953,,4.503,61.000,9.000,55.961,44.000,117.000,8321.000,95.000
2020-08-05,530.039,12.000,1803.262,,4.630,58.000,6.000,56.420,48.000,115.000,8778.000,85.000
2020-08-06,642.377,10.000,1814.886,,6.280,77.000,5.000,59.301,47.000,151.000,11789.000,92.000
2020-08-07,568.046,12.000,1823.357,,5.469,48.000,1.000,61.129,47.000,142.000,10390.000,112.000
2020-08-08,650.053,14.000,1846.628,2.454,5.396,26.000,4.000,57.828,45.000,182.000,10599.000,98.000
2020-08-09,218.424,11.000,1779.409,,1.113,1.000,,54.995,47.000,45.000,2125.508,96.000
2020-08-10,404.860,12.000,1810.191,,3.023,52.000,6.000,54.300,45.000,84.000,5770.000,96.000
2020-08-11,623.644,14.000,1809.304,,5.725,129.000,9.565,59.057,48.000,143.000,10329.000,96.000
2020-08-12,735.421,9.000,1820.195,,6.802,94.000,6.000,56.871,45.000,186.000,12600.000,91.000
2020-08-13,847.213,15.000,1873.750,,4.992,68.000,,61.711,45.000,135.000,9249.000,100.000
2020-08-14,561.956,11.000,1810.964,,4.272,69.000,,61.459,49.000,121.000,8039.000,88.000
2020-08-15,947.171,12.000,1818.578,,6.313,116.000,,59.171,45.000,202.000,11809.000,90.000
2020-08-16,612.878,14.000,1816.849,,5.711,72.000,4.000,60.040,48.000,136.000,10431.000,100.000
2020-08-17,803.755,12.000,1820.630,,5.006,84.000,3.000,59.278,45.000,142.000,8601.000,91.000
2020-08-18,322.570,9.000,1805.510,,1.946,27.000,7.000,53.508,47.000,61.000,3623.000,83.000
2020-08-19,698.121,12.000,1829.829,,6.142,79.000,4.000,57.481,46.000,174.000,10769.000,88.000
2020-08-20,747.144,15.000,1837.384,,6.016,76.000,9.000,58.911,47.000,163.000,11001.000,91.000
2020-08-21,530.723,11.000,1836.649,,3.463,13.000,1.000,54.804,45.000,111.000,6528.000,124.000
2020-08-22,680.504,10.000,1826.223,,4.484,24.000,,68.628,69.500,122.000,7892.000,99.500
2020-08-23,392.896,10.000,1777.476,,2.230,11.000,8.000,67.573,53.000,65.000,4236.337,99.500
2020-08-24,622.834,15.000,1877.690,,5.249,25.000,12.833,65.204,66.000,225.000,9740.000,113.000
2020-08-25,315.513,11.000,1789.039,,2.145,7.000,1.000,71.022,,59.000,4003.000,
2020-08-26,615.256,14.000,1834.262,,5.947,70.000,3.000,56.414,52.000,148.000,10750.632,91.000
2020-08-27,698.580,13.000,1810.981,6.010,4.117,66.000,,58.640,45.000,122.000,7427.000,90.000
2020-08-28,811.473,16.000,1864.628,,7.792,96.000,9.000,60.904,45.000,170.000,14051.000,97.000
2020-08-29,412.729,15.000,1837.267,,2.690,9.000,4.000,55.687,50.000,104.000,4947.654,82.500
2020-08-30,529.340,14.000,1825.987,,5.800,12.000,1.000,52.815,46.000,207.000,11002.571,82.000
2020-08-31,844.223,8.000,1812.472,,4.229,38.000,24.000,55.509,47.000,161.000,7825.000,
2020-09-01,1029.559,3.000,709.468,,8.353,38.000,11.000,61.760,50.000,58.000,13838.000,96.000
2020-09-02,485.568,,,,2.345,,2.000,55.319,,,4405.000,
2020-09-03,434.591,4.000,1580.767,,2.226,14.000,4.000,52.430,48.000,43.000,4013.000,90.500
2020-09-04,570.557,14.000,1807.017,,4.999,45.000,4.000,56.311,47.000,148.000,9256.189,96.000
2020-09-05,559.854,15.000,1824.974,,4.966,48.000,10.000,59.852,50.000,152.000,9038.000,99.000
2020-09-06,703.305,13.000,1815.367,,5.193,53.000,32.000,61.325,48.000,138.000,8157.000,95.000
2020-09-07,606.912,3.000,1652.595,,4.362,2.000,13.000,52.826,46.000,16.000,7940.000,
2020-09-08,653.751,11.000,1754.373,6.260,2.706,51.000,8.000,56.790,49.000,117.000,4878.000,85.000
2020-09-09,600.427,14.000,1824.871,3.116,3.707,43.000,4.000,57.061,44.000,154.000,6522.745,89.000
2020-09-10,737.377,13.000,1840.716,,6.114,89.000,16.000,55.807,48.000,162.000,10938.000,98.000
2020-09-11,989.511,17.000,1879.717,6.046,8.438,126.000,14.000,63.262,45.000,190.000,15292.183,98.000
2020-09-12,482.133,11.000,1808.959,,3.726,47.000,12.000,67.070,56.000,99.000,6855.118,117.000
2020-09-13,553.662,13.000,1827.154,,3.726,35.000,13.000,55.531,48.000,133.000,6987.000,92.500
2020-09-14,637.410,14.000,1814.589,2.940,4.498,50.000,8.000,54.762,46.000,155.000,8275.000,84.000
2020-09-15,735.696,7.000,1721.855,7.614,2.697,41.000,10.000,55.790,45.000,79.000,5181.000,69.000
2020-09-16,736.516,16.000,1839.121,7.195,4.433,65.000,8.000,60.403,44.000,163.000,7710.775,118.000
2020-09-17,566.138,14.000,1832.920,2.840,3.167,46.000,13.000,53.331,47.000,109.000,5983.000,91.000
2020-09-18,681.473,15.000,1827.758,2.801,4.535,59.000,16.000,58.874,44.000,170.000,7920.000,104.000
2020-09-19,571.365,16.000,1874.182,,2.986,10.000,6.000,58.396,48.000,129.000,5662.073,99.000
2020-09-20,475.838,16.000,1845.463,,3.055,21.000,4.000,69.919,64.000,109.000,5833.927,96.500
2020-09-21,738.115,13.000,1807.408,,4.644,60.000,10.284,56.718,51.000,139.000,7808.000,95.500
2020-09-22,689.842,17.000,1858.907,5.688,3.439,57.000,8.000,61.448,48.000,147.000,6484.000,100.000
2020-09-23,712.348,15.000,1834.784,4.179,3.917,55.000,12.000,62.016,54.000,145.000,7107.000,103.000
2020-09-24,550.556,13.000,1801.542,3.011,2.783,34.000,8.000,57.307,48.000,105.000,5074.000,75.000
2020-09-25,583.477,15.000,1829.942,2.765,3.427,49.000,11.142,60.204,48.000,142.000,6561.000,96.000
2020-09-26,630.501,15.000,1850.677,,5.253,57.000,13.000,61.491,67.000,162.000,9954.000,103.000
2020-09-27,475.958,14.000,1802.248,,4.186,38.000,19.241,59.573,57.000,133.000,7824.286,98.500
2020-09-28,599.176,16.000,1817.368,,4.406,53.000,14.161,56.848,48.000,146.000,8226.000,
2020-09-29,581.139,10.000,1747.671,,4.368,30.000,11.000,57.454,52.000,65.000,8341.000,
2020-09-30,900.008,13.000,1850.137,,4.327,84.000,10.000,63.325,49.000,152.000,7893.000,110.000
2020-10-01,585.489,16.000,1823.717,,4.288,37.000,17.000,58.052,50.000,91.000,8014.448,105.000
2020-10-02,383.384,14.000,1816.636,,2.039,22.000,16.000,59.377,50.000,59.000,3751.000,86.000
2020-10-03,369.036,16.000,1826.580,,1.678,9.000,5.000,60.277,51.000,63.000,3184.000,93.000
2020-10-04,405.794,14.000,1850.796,,2.962,14.000,9.000,61.938,55.000,87.000,5574.000,91.000
2020-10-05,687.057,15.000,1842.378,1.842,4.515,63.000,29.000,62.497,58.000,163.000,8483.000,113.000
2020-10-06,751.308,14.000,1842.570,2.093,4.393,66.000,9.000,70.261,52.000,125.000,7186.000,124.000
2020-10-07,495.328,14.000,1824.558,1.797,2.856,34.000,7.000,61.298,53.000,112.000,5568.000,100.500
2020-10-08,512.452,13.000,1804.304,1.806,2.620,41.000,9.793,60.216,62.000,85.000,4885.000,102.000
2020-10-09,421.253,12.000,1808.191,,3.124,22.000,6.000,75.937,60.000,61.000,3444.000,111.000
2020-10-10,740.410,12.000,1847.473,,6.997,67.000,28.000,59.982,57.000,201.000,13332.547,92.000
2020-10-11,486.014,13.000,1832.404,,3.363,27.000,17.000,55.431,48.000,103.000,5853.000,76.500
2020-10-12,626.099,15.000,1809.995,3.432,2.617,52.000,8.000,60.170,45.000,102.000,4814.000,93.000
2020-10-13,649.984,15.000,1828.228,1.815,3.280,50.000,12.000,58.823,50.000,110.000,6089.000,98.000
2020-10-14,522.006,11.000,1823.213,,2.594,30.000,8.000,63.449,62.000,90.000,4609.000,104.000
2020-10-15,652.951,16.000,1830.082,2.056,3.227,47.000,12.000,68.597,55.000,115.000,5735.000,122.000
2020-10-16,366.621,12.000,1806.384,,2.076,24.000,9.000,60.832,54.000,56.000,3726.000,93.000
2020-10-17,574.295,15.000,1858.359,,2.767,17.000,10.000,60.995,52.000,211.000,5040.000,112.000
2020-10-18,537.921,14.000,1844.823,,3.438,22.000,7.000,68.602,59.000,142.000,6325.000,94.500
2020-10-19,990.995,11.000,1834.272,12.340,3.214,96.000,8.000,69.733,57.000,172.000,5959.000,111.000
2020-10-20,748.585,12.000,1795.301,3.715,4.049,66.000,8.000,61.519,48.000,121.000,6831.000,93.000
2020-10-21,666.248,14.000,1808.283,,2.229,75.000,,62.623,49.000,121.000,4286.424,135.000
2020-10-22,1051.042,13.000,1836.842,1.814,3.752,112.000,8.000,64.960,48.000,173.000,7291.061,96.500
2020-10-23,718.673,17.000,1854.425,3.472,3.985,54.000,9.000,61.788,50.000,153.000,7409.000,100.000
2020-10-24,684.550,17.000,1854.265,,6.614,36.000,6.000,72.692,64.000,197.000,12844.000,87.000
2020-10-25,438.692,16.000,1817.454,,2.606,13.000,4.000,64.728,57.000,95.000,5021.000,88.000
2020-10-26,1376.174,14.000,1823.004,3.594,5.258,139.000,5.000,68.853,47.000,200.000,9540.974,144.000
2020-10-27,807.928,17.000,1845.794,3.618,3.522,99.000,8.000,64.975,51.000,154.000,6582.000,80.000
2020-10-28,370.346,15.000,1844.022,,1.628,2.000,,60.951,52.000,77.000,3030.000,127.000
2020-10-29,1087.317,13.000,1829.361,3.602,4.456,116.000,12.000,66.353,52.000,173.000,8284.196,98.000
2020-10-30,739.392,12.000,1838.391,,4.840,50.000,1.000,63.363,50.000,162.000,9388.000,137.000
2020-10-31,783.036,14.000,1842.147,,5.632,93.690,6.888,65.267,48.000,176.000,11209.949,92.000
2020-11-01,735.473,18.000,1953.969,,4.486,84.310,36.112,61.654,50.000,157.000,8230.051,105.500
2020-11-02,1227.800,14.000,1827.332,,5.051,135.000,9.000,72.956,51.000,160.000,9381.000,108.000
2020-11-03,880.989,12.000,1798.430,,3.241,108.000,11.000,67.318,51.000,136.000,6152.000,144.000
2020-11-04,612.162,13.000,1802.241,,2.133,52.000,8.000,67.306,55.000,79.000,3895.000,164.000
2020-11-05,1190.713,16.000,1851.724,,5.226,123.000,13.000,70.495,52.000,181.000,9574.000,108.000
2020-11-06,622.167,13.000,1823.381,3.602,3.388,49.000,7.000,59.913,49.000,108.000,6356.124,99.000
2020-11-07,505.622,14.000,1857.569,,3.211,15.000,2.000,71.648,60.000,149.000,6274.474,79.000
2020-11-08,469.439,13.000,1833.498,,2.854,35.000,7.000,56.130,47.000,108.000,5463.000,93.500
2020-11-09,859.426,15.000,1839.344,,4.815,107.000,14.000,60.197,47.000,151.000,8929.000,92.000
2020-11-10,666.340,15.000,1842.519,3.632,3.552,51.000,12.000,57.943,47.000,114.000,6638.000,84.000
2020-11-11,1312.025,15.000,1874.136,3.609,5.161,135.000,9.000,69.196,48.000,192.000,9479.000,143.000
2020-11-12,561.750,16.000,1847.858,3.616,3.318,52.000,8.000,61.863,60.000,110.000,6272.000,99.000
2020-11-13,584.703,13.000,1809.103,4.576,3.145,52.000,8.000,60.832,51.000,107.000,5938.000,95.500
2020-11-14,577.122,14.000,1800.023,,3.123,49.000,11.000,59.816,57.000,110.000,5850.000,92.000
2020-11-15,791.799,13.000,1860.508,,4.422,80.000,10.000,62.086,50.000,146.000,7919.000,114.000
2020-11-16,621.348,14.000,1853.826,3.569,3.198,55.000,6.000,59.676,47.000,114.000,6032.000,95.000
2020-11-17,1141.247,14.000,1863.328,3.611,4.457,118.000,8.000,66.551,47.000,180.000,8018.000,101.000
2020-11-18,1194.941,16.000,1848.538,,4.978,147.000,9.000,66.907,47.000,182.000,9360.000,91.000
2020-11-19,761.020,16.000,1839.588,,3.893,83.000,14.000,60.396,48.000,141.000,6926.000,103.000
2020-11-20,731.113,15.000,1859.422,3.600,3.362,80.000,6.000,61.203,49.000,128.000,6335.000,94.500
2020-11-21,794.804,14.000,1863.607,,4.011,56.000,1.000,66.808,54.500,156.000,7504.000,89.000
2020-11-22,433.211,13.000,1850.868,,2.993,25.000,3.000,57.689,49.000,84.000,5639.000,96.000
2020-11-23,806.399,12.000,1833.015,,3.623,91.000,,60.199,48.000,137.000,6824.000,85.000
2020-11-24,554.106,12.000,1850.029,0.918,2.266,52.000,3.000,59.522,47.000,104.000,4234.038,99.000
2020-11-25,460.026,11.000,1830.240,,2.220,33.000,4.000,58.760,46.000,81.000,4201.000,111.000
2020-11-26,890.781,14.000,1858.047,,2.635,87.000,12.000,65.288,48.000,167.000,4947.000,111.000
2020-11-27,571.214,11.000,1780.613,,2.044,68.000,11.000,61.034,53.000,93.000,3589.000,97.000
2020-11-28,683.257,13.000,1875.684,,5.989,72.000,13.000,60.251,51.000,180.000,11488.000,87.000
2020-11-29,411.040,12.000,1904.426,,2.214,11.000,8.000,60.089,53.500,77.000,4264.000,89.250
2020-11-30,470.844,14.000,1839.159,,1.652,30.000,3.000,61.160,53.000,95.000,3076.000,91.000
2020-12-01,642.913,13.000,1851.378,,2.887,44.000,5.000,67.909,50.000,124.000,4784.000,84.000
2020-12-02,1013.960,10.000,1847.699,,9.093,112.000,59.000,64.556,,190.000,18710.000,
2020-12-03,463.463,10.000,1832.497,,3.323,18.000,1.000,61.520,55.000,109.000,6693.000,81.500
2020-12-04,365.224,9.000,1888.105,,1.880,6.000,,58.886,,62.000,3439.000,
2020-12-05,398.358,12.000,1826.994,,2.231,21.000,2.000,57.666,49.000,61.000,3948.114,97.000
2020-12-06,596.852,12.000,1827.857,,2.165,44.000,,57.889,57.000,101.000,3966.692,93.500
2020-12-07,570.560,14.000,1839.332,,2.652,46.000,,62.073,57.000,113.000,4605.000,86.000
2020-12-08,464.984,12.000,1838.389,,1.782,44.000,3.000,57.658,56.000,82.000,3236.771,92.000
2020-12-09,783.419,12.000,1828.316,,1.929,70.000,,65.519,59.000,111.000,3666.000,92.500
2020-12-10,710.999,12.000,1886.833,,4.861,68.000,10.000,63.719,59.000,169.000,9450.000,91.000
2020-12-11,835.334,15.000,1867.018,,4.177,98.000,23.000,62.878,53.000,183.000,7803.971,90.000
2020-12-12,782.448,17.000,1927.289,,5.173,64.000,46.000,57.013,59.000,251.000,9576.507,
2020-12-13,572.436,11.000,1823.013,,3.989,35.000,15.000,67.024,64.000,157.000,7534.000,87.000
2020-12-14,414.688,14.000,1862.168,,1.829,4.000,3.000,54.101,54.000,128.000,3496.000,87.000
2020-12-15,692.543,16.000,1851.530,9.410,2.293,40.000,3.000,64.430,58.000,126.000,4357.032,103.000
2020-12-16,895.379,15.000,1860.275,5.947,4.708,77.000,6.000,68.719,55.000,140.000,8487.000,92.000
2020-12-17,886.579,15.000,1853.560,7.190,2.775,74.000,3.000,65.355,51.000,144.000,5074.000,91.000
2020-12-18,876.098,16.000,1880.305,,4.818,89.000,15.753,63.797,50.000,207.000,8764.000,95.000
2020-12-19,1013.945,13.000,1829.487,2.820,6.247,128.000,10.000,69.849,54.000,216.000,11535.000,87.000
2020-12-20,930.705,16.000,1858.010,1.119,4.506,93.000,11.000,62.784,47.000,193.000,8897.000,94.000
2020-12-21,635.131,14.000,1847.738,3.353,3.571,50.000,4.000,60.491,48.000,113.000,6061.000,91.000
2020-12-22,689.029,15.000,1870.503,,3.430,71.000,5.000,60.871,46.000,141.000,6310.000,94.000
2020-12-23,795.212,16.000,1876.358,8.980,4.171,70.000,6.509,60.713,47.000,170.000,7665.813,97.500
2020-12-24,773.886,17.000,1856.786,,2.848,65.000,14.000,58.699,47.000,147.000,5187.000,77.500
2020-12-25,567.334,15.000,1899.328,,3.513,36.000,15.000,62.165,53.000,114.000,6750.000,106.000
2020-12-26,1377.356,15.000,1879.085,,7.558,145.000,14.000,78.754,66.000,235.000,14972.332,98.000
2020-12-27,700.503,18.000,1925.000,,5.244,49.000,19.000,64.372,52.000,175.000,10474.000,85.000
2020-12-28,602.626,15.000,1837.242,,3.728,21.000,8.000,68.953,59.000,128.000,7395.537,88.500
2020-12-29,759.917,16.000,1882.491,,6.490,48.000,25.000,63.063,53.000,206.000,12046.662,85.000
2020-12-30,821.630,14.000,1859.006,,3.943,68.000,10.000,62.565,47.000,144.000,7411.380,103.000
2020-12-31,491.985,18.000,1819.488,,2.054,5.000,2.000,65.631,58.000,71.000,3882.273,93.500
2021-01-01,427.079,15.000,1822.909,,2.782,20.000,15.000,62.364,51.000,103.000,5391.000,90.000
2021-01-02,416.464,8.000,1748.425,,2.252,2.000,17.000,55.262,49.000,46.000,4421.000,
2021-01-03,800.129,13.000,1845.283,4.330,3.360,80.000,4.000,60.742,48.000,160.000,6216.000,99.500
2021-01-04,768.225,15.000,1846.201,6.380,1.954,76.000,1.000,62.278,48.000,119.000,3573.000,87.000
2021-01-05,601.143,15.000,1841.504,5.410,3.448,56.000,6.000,57.817,48.000,114.000,6323.000,98.000
2021-01-06,658.009,16.000,1849.303,,3.069,49.000,4.000,63.966,48.000,108.000,5731.000,96.000
2021-01-07,876.884,15.000,1848.218,,2.440,70.000,2.000,63.117,49.000,107.000,4550.000,90.000
2021-01-08,606.663,15.000,1850.943,6.160,2.554,61.000,3.000,60.261,50.000,101.000,4842.000,95.000
2021-01-09,936.341,15.000,1853.533,8.230,3.641,95.000,5.000,61.802,47.000,187.000,6999.000,82.000
2021-01-10,463.256,13.000,1835.698,,1.463,38.000,3.000,55.877,46.000,103.000,2819.000,92.000
2021-01-11,787.996,14.000,1835.915,5.480,1.724,65.000,,59.985,46.000,114.000,3186.000,90.000
2021-01-12,847.454,15.000,1836.990,9.420,2.245,86.000,2.000,60.244,43.000,130.000,4288.000,83.000
2021-01-13,392.678,14.000,1805.765,,2.797,24.000,8.000,52.285,45.000,71.000,5220.000,91.000
2021-01-14,872.931,14.000,1847.855,,2.852,94.000,2.000,61.386,45.000,128.000,5344.000,88.000
2021-01-15,671.217,13.000,1860.001,9.080,2.463,50.000,4.000,60.125,47.000,137.000,4552.000,92.000
2021-01-16,521.512,16.000,1851.157,,3.552,34.000,3.000,65.884,56.000,133.000,6800.793,90.000
2021-01-17,383.026,13.000,1840.019,,2.302,14.000,7.000,59.423,50.000,96.000,4277.000,88.000
2021-01-18,443.062,7.000,1814.156,,2.652,58.000,7.000,60.848,49.000,67.000,4812.000,
2021-01-19,322.281,14.000,1840.128,,1.495,1.000,,55.929,47.000,59.000,2910.000,77.000
2021-01-20,428.586,14.000,1845.517,,1.389,32.000,,55.245,45.000,64.000,2633.000,95.500
2021-01-21,887.859,15.000,1875.118,8.610,2.869,91.000,3.000,61.967,46.000,138.000,5029.000,115.000
2021-01-22,619.590,13.000,1840.941,7.560,2.222,46.000,3.000,61.269,49.000,111.000,4154.000,90.000
2021-01-23,694.496,15.000,1855.849,,4.399,71.000,15.000,63.750,52.000,180.000,8536.000,90.000
2021-01-24,768.040,15.000,1873.401,5.830,3.634,83.000,10.000,63.587,49.000,180.000,6676.000,99.500
2021-01-25,551.383,14.000,1844.396,,2.887,50.000,3.000,59.074,49.000,87.000,5537.000,94.000
2021-01-26,659.706,13.000,1840.340,5.760,2.634,57.000,5.000,59.069,47.000,112.000,4636.000,99.000
2021-01-27,833.562,13.000,1858.117,11.010,2.321,83.000,2.000,63.949,50.000,122.000,4338.000,114.000
2021-01-28,498.528,13.000,1836.013,,2.746,41.000,4.000,58.738,51.000,96.000,5188.000,87.000
2021-01-29,268.020,12.000,1818.297,,1.165,,2.000,53.627,47.000,48.000,2207.000,90.000
2021-01-30,1117.165,13.000,1865.664,,4.836,110.000,5.000,66.393,49.000,227.000,8878.000,91.000
2021-01-31,923.185,15.000,1843.791,13.900,1.923,86.000,5.000,65.857,51.000,159.000,3445.000,98.500
2021-02-01,831.551,15.000,1850.394,5.830,3.254,93.000,5.000,63.990,46.000,159.000,6272.000,83.000
2021-02-02,928.558,16.000,1872.882,13.720,2.565,99.000,2.000,63.112,48.000,178.000,4913.000,90.000
2021-02-03,717.519,15.000,1870.784,,1.698,106.000,,59.991,48.000,168.000,3206.000,76.000
2021-02-04,298.013,11.000,1796.069,,0.907,14.000,3.000,56.485,48.000,42.000,1691.000,73.000
2021-02-05,547.941,15.000,1823.592,,4.925,54.000,9.599,56.159,46.000,124.000,8620.000,90.000
2021-02-06,993.492,16.000,1884.580,13.710,3.350,102.000,9.000,64.714,47.000,188.000,6487.656,90.000
2021-02-07,584.917,12.000,1876.402,,3.088,45.000,6.000,64.113,52.000,107.000,5675.085,96.000
2021-02-08,810.842,15.000,1823.885,13.710,1.988,77.000,1.000,64.846,51.000,114.000,3587.000,107.000
2021-02-09,594.803,12.000,1848.360,,2.528,73.000,6.000,55.922,47.000,117.000,4561.000,92.000
2021-02-10,662.111,15.000,1825.259,,1.883,61.000,4.000,60.799,48.000,87.000,3503.697,96.000
2021-02-11,1238.564,13.000,1871.587,13.740,3.501,113.000,5.000,68.174,49.000,160.000,6474.000,86.500
2021-02-12,379.241,15.000,1857.870,,1.699,3.000,5.000,58.485,52.000,66.000,3125.000,84.000
2021-02-13,1190.084,15.000,1848.581,,10.582,134.000,15.041,72.823,54.000,199.000,18716.771,100.000
2021-02-14,338.204,12.000,1837.385,,1.779,4.000,2.000,62.374,53.000,74.000,3241.000,103.500
2021-02-15,583.288,12.000,1816.502,13.670,1.094,48.000,2.000,61.347,48.000,84.000,2037.000,121.000
2021-02-16,479.321,12.000,1830.631,,1.697,43.000,6.000,58.519,48.000,75.000,3072.000,92.000
2021-02-17,794.868,15.000,1850.142,2.456,4.006,80.000,6.000,66.264,49.000,138.000,7827.000,83.000
2021-02-18,888.696,8.000,1824.896,22.850,1.032,77.000,,67.305,52.000,109.000,1954.000,96.000
2021-02-19,575.856,15.000,1881.839,,4.092,38.000,12.000,59.154,50.000,116.000,7735.000,92.000
2021-02-20,880.092,14.000,1887.932,,6.166,91.000,15.000,64.736,52.000,219.000,11896.397,
2021-02-21,411.208,11.000,1799.734,,1.942,35.000,9.000,64.981,54.000,81.000,3667.000,94.000
2021-02-22,639.980,13.000,1846.781,,2.638,66.000,3.000,58.248,47.000,103.000,4949.000,89.000
2021-02-23,368.198,12.000,1819.759,,2.424,21.000,,56.830,49.000,57.000,4612.000,95.500
2021-02-24,493.210,18.000,1894.017,,1.729,11.000,7.000,62.720,59.000,97.000,3398.000,97.000
2021-02-25,472.895,12.000,1797.093,,3.796,30.000,4.000,66.919,48.000,74.000,7403.174,83.000
2021-02-26,327.084,12.000,1825.311,,1.413,4.000,7.000,54.627,,47.000,2711.000,
2021-02-27,740.887,,1743.443,,0.368,2.000,2.000,57.198,,,781.000,
2021-02-28,398.464,12.000,1867.087,,2.651,3.000,4.000,65.607,61.500,98.000,5012.000,95.500
2021-03-01,947.890,7.000,1747.462,,1.599,43.000,1.000,62.534,51.000,61.000,3242.000,113.500
2021-03-02,518.241,7.000,1801.590,,2.656,3.000,1.000,57.028,51.000,41.000,5072.000,104.500
2021-03-03,363.101,12.000,1836.633,,2.123,11.000,8.000,61.770,,60.000,4189.000,
2021-03-04,915.267,15.000,1841.134,,3.040,85.000,2.000,67.034,49.000,136.000,5723.000,99.000
2021-03-05,904.755,14.000,1871.841,13.690,2.629,84.000,12.000,68.922,51.000,116.000,4938.000,95.000
2021-03-06,591.977,9.000,1816.361,,3.147,36.000,4.000,68.472,58.000,96.000,5920.000,92.000
2021-03-07,805.954,9.000,1849.758,,6.817,102.000,6.000,60.990,55.000,184.000,13733.000,87.000
2021-03-08,398.269,14.000,1847.717,,2.373,20.000,3.000,56.631,47.000,67.000,4441.953,93.000
2021-03-09,450.396,11.000,1827.843,,3.487,25.000,8.000,57.094,47.000,95.000,6790.000,87.000
2021-03-10,630.431,13.000,1842.472,6.020,2.901,54.000,5.000,61.645,49.000,98.000,5526.776,86.000
2021-03-11,739.878,12.000,1840.298,,3.458,77.000,3.000,60.691,44.000,118.000,6453.000,101.000
2021-03-12,652.735,12.000,1848.528,2.336,3.070,97.000,9.000,59.777,49.000,130.000,5637.000,98.500
2021-03-13,1133.057,14.000,1867.552,13.780,6.801,119.000,5.000,66.398,48.000,200.000,13348.000,102.000
2021-03-14,528.656,10.000,1724.403,,2.686,69.000,1.000,58.725,48.000,92.000,4905.000,92.000
2021-03-15,929.206,16.000,1851.480,9.410,2.406,91.000,3.000,59.938,39.000,147.000,4485.000,93.500
2021-03-16,954.926,15.000,1849.352,13.480,2.074,98.000,2.000,61.528,46.000,124.000,4001.000,83.000
2021-03-17,717.556,15.000,1860.934,5.610,1.563,91.000,5.000,60.506,48.000,114.000,2889.000,96.500
2021-03-18,372.078,12.000,1819.804,,2.475,22.000,1.000,57.496,49.000,71.000,4641.000,90.000
2021-03-19,1356.343,17.000,1877.307,13.930,4.593,127.000,4.000,69.074,43.000,208.000,7760.000,89.000
2021-03-20,855.956,15.000,1860.185,,7.408,112.000,9.000,64.207,48.000,204.000,14403.000,85.000
2021-03-21,702.189,14.000,1857.586,,5.689,70.000,8.000,60.376,46.000,130.000,9765.000,94.000
2021-03-22,193.911,11.000,1691.558,,0.948,1.000,,70.736,64.000,38.000,2034.000,103.000
2021-03-23,251.101,11.000,1763.935,,0.822,,,56.450,51.000,34.000,1544.000,63.000
2021-03-24,466.684,14.000,1825.514,7.570,1.907,39.000,5.000,56.047,46.000,94.000,3641.000,79.000
2021-03-25,854.204,13.000,1887.194,13.660,3.204,89.000,7.000,61.954,46.000,146.000,6124.000,90.000
2021-03-26,434.639,17.000,1847.216,,1.625,13.000,5.000,70.404,57.000,88.000,2947.000,90.000
2021-03-27,427.732,13.000,1836.630,,2.877,26.000,7.000,59.771,52.000,95.000,5512.000,85.000
2021-03-28,633.727,11.000,1814.202,,5.126,29.000,9.000,54.202,46.000,164.000,9923.000,110.000
2021-03-29,1233.932,14.000,1848.509,6.024,3.696,143.000,4.000,67.527,44.000,179.000,7136.092,93.000
2021-03-30,558.510,12.000,1826.759,,3.453,82.000,2.000,57.313,47.000,109.000,6546.000,90.000
2021-03-31,771.210,14.000,1831.935,4.835,2.591,85.000,4.000,60.131,45.000,123.000,4922.000,94.000
2021-04-01,477.407,13.000,1873.501,,3.425,35.000,5.000,55.330,47.000,103.000,6517.000,82.000
2021-04-02,759.754,15.000,1847.018,,7.760,76.000,7.000,63.743,51.000,185.000,15384.371,83.000
2021-04-03,605.815,11.000,1821.639,,4.078,9.000,6.000,60.672,54.000,53.000,7782.845,81.000
2021-04-04,443.540,12.000,1832.201,,1.765,44.000,12.000,65.612,58.000,103.000,3403.000,89.500
2021-04-05,542.404,14.000,1828.442,,2.995,40.000,1.000,56.827,44.000,112.000,5866.000,83.000
2021-04-06,933.889,14.000,1858.231,14.040,2.288,99.000,4.000,59.698,44.000,159.000,4325.303,85.000
2021-04-07,949.714,15.000,1881.593,4.887,2.649,102.000,2.000,64.468,44.000,153.000,4874.000,119.000
2021-04-08,704.523,13.000,1851.931,9.570,1.515,58.000,,64.324,48.000,106.000,2872.000,81.000
2021-04-09,801.976,16.000,1855.698,,5.878,96.000,8.000,62.788,47.000,162.000,10618.000,92.000
2021-04-10,646.272,14.000,1858.844,,3.008,63.000,7.000,60.704,48.000,128.000,5568.000,92.000
2021-04-11,646.659,13.000,1860.333,2.980,2.892,53.000,7.000,56.919,47.000,150.000,5465.000,85.000
2021-04-12,902.416,12.000,1810.659,,4.859,90.000,3.000,61.646,46.000,120.000,8622.000,101.000
2021-04-13,614.184,14.000,1862.853,,2.803,68.000,4.000,58.148,45.000,87.000,5075.000,91.000
2021-04-14,776.786,14.000,1857.410,14.020,1.794,49.000,2.000,57.817,45.000,111.000,3387.000,92.000
2021-04-15,563.621,16.000,1902.654,,3.831,17.000,2.000,56.259,58.000,153.000,7270.000,92.500
2021-04-16,506.071,16.000,1867.735,,3.228,12.000,4.000,70.205,,143.000,6124.000,
2021-04-17,538.995,13.000,1870.559,,4.668,25.000,1.000,59.871,61.000,180.000,8764.379,85.500
2021-04-18,558.107,10.000,1798.449,,2.475,20.000,2.000,68.936,,88.000,4733.852,
2021-04-19,412.333,9.000,1849.890,,2.729,11.000,5.000,61.156,53.000,72.000,5208.000,92.500
2021-04-20,548.577,15.000,1868.403,,1.558,21.000,,59.644,47.000,118.000,2802.000,99.000
2021-04-21,769.621,15.000,1850.845,14.100,1.026,70.000,3.000,65.573,51.000,113.000,1927.000,
2021-04-22,808.714,14.000,1858.334,,2.275,80.000,2.000,63.610,48.000,119.000,4183.000,104.000
2021-04-23,445.216,16.000,1850.723,,2.739,21.000,2.000,56.192,49.000,96.000,5119.000,106.000
2021-04-24,704.144,14.000,1838.312,1.128,4.764,72.000,10.000,61.208,48.000,128.000,7591.000,119.000
2021-04-25,383.216,14.000,1828.351,,2.209,17.000,10.000,54.017,46.000,87.000,4115.000,84.000
2021-04-26,929.747,11.000,1856.521,,4.054,84.000,5.869,64.327,45.000,125.000,7421.819,104.000
2021-04-27,535.954,13.000,1848.529,,3.827,57.000,4.000,64.541,61.000,91.000,7354.000,95.000
2021-04-28,448.207,12.000,1809.239,5.750,1.061,35.000,2.000,67.891,58.000,75.000,2016.000,87.500
2021-04-29,899.039,12.000,1844.849,14.580,1.351,92.000,2.000,63.084,62.000,118.000,2483.055,87.000
2021-04-30,537.391,13.000,1830.108,,4.461,64.000,4.000,64.338,52.000,105.000,8669.000,90.000
2021-05-01,821.524,15.000,1891.235,,6.071,97.000,15.000,62.855,46.000,179.000,11901.000,81.000
2021-05-02,353.167,7.000,1772.404,,2.311,25.000,1.000,71.732,55.000,55.000,4371.000,98.000
2021-05-03,727.220,15.000,1858.549,3.420,2.615,89.000,1.000,60.224,51.000,118.000,4885.000,90.000
2021-05-04,636.475,13.000,1832.256,8.220,2.653,69.000,3.000,59.159,47.000,113.000,4984.000,89.000
2021-05-05,1162.526,16.000,1878.456,4.734,5.199,149.000,8.195,68.178,48.000,188.000,9770.000,90.000
2021-05-06,614.856,13.000,1813.600,,5.796,86.000,6.000,62.286,53.000,115.000,10704.000,94.000
2021-05-07,583.237,15.000,1839.774,,3.584,59.000,2.000,57.700,49.000,115.000,6597.376,88.000
2021-05-08,883.247,16.000,1899.050,7.140,5.589,112.000,8.000,67.717,50.000,171.000,10487.134,87.000
2021-05-09,435.921,15.000,1858.175,,2.593,21.000,11.000,63.892,56.000,99.000,4789.000,91.000
2021-05-10,453.127,14.000,1839.948,,2.204,30.000,2.000,68.516,50.000,79.000,4229.000,91.000
2021-05-11,898.512,14.000,1854.197,,5.419,113.000,4.000,83.865,49.000,162.000,10257.000,99.000
2021-05-12,960.249,11.000,1768.036,10.300,3.046,28.000,2.000,65.580,49.000,81.000,5751.000,83.000
2021-05-13,731.376,14.000,1829.123,,2.767,74.000,1.000,64.185,49.000,104.000,5014.000,88.000
2021-05-14,503.233,13.000,1780.186,3.110,2.050,8.000,2.000,53.374,47.000,66.000,3838.000,91.000
2021-05-15,814.859,15.000,1843.139,3.949,7.352,104.000,9.000,60.088,45.000,218.000,13427.242,114.000
2021-05-16,574.003,18.000,1858.820,,3.522,31.000,10.000,55.424,46.000,122.000,6719.000,102.000
2021-05-17,603.355,14.000,1833.056,,3.631,44.000,6.000,74.794,58.000,123.000,7153.000,91.000
2021-05-18,528.316,15.000,1828.950,,3.226,37.000,8.554,73.506,60.000,88.000,6308.000,96.000
2021-05-19,868.196,14.000,1858.631,,7.368,108.000,9.000,80.421,62.000,186.000,14309.000,107.000
2021-05-20,1079.934,15.000,1875.378,,7.123,125.000,46.000,77.757,57.000,221.000,15347.000,108.000
2021-05-21,493.122,11.000,1809.317,,2.151,32.000,16.000,83.535,73.000,81.000,4073.000,101.500
2021-05-22,445.592,12.000,1844.414,,3.357,30.000,9.000,69.909,59.000,104.000,6516.000,
2021-05-23,647.997,8.000,1816.891,,4.740,80.000,2.000,60.315,48.000,121.000,9450.000,90.000
2021-05-24,677.108,9.000,1784.369,5.910,1.790,50.000,1.000,57.995,47.000,61.000,3486.000,91.000
2021-05-25,531.918,11.000,1835.220,,4.663,46.000,6.049,58.419,50.000,104.000,8942.000,93.000
2021-05-26,983.727,11.000,1841.636,13.600,2.757,89.000,1.000,64.533,49.000,142.000,5299.000,89.000
2021-05-27,619.031,12.000,1834.094,,2.858,50.000,2.000,61.370,56.000,88.000,5342.000,85.000
2021-05-28,1452.654,13.000,1841.030,6.238,4.797,162.000,12.000,72.734,48.000,197.000,9190.000,92.000
2021-05-29,485.426,9.000,1802.345,,3.270,22.000,5.000,59.432,59.000,71.000,6264.000,89.500
2021-05-30,604.744,14.000,1857.769,,5.377,19.000,7.000,62.582,52.000,218.000,10026.000,99.000
2021-05-31,344.527,13.000,1862.090,,1.581,3.000,3.000,58.630,51.000,72.000,3046.723,
2021-06-01,848.908,10.000,1802.800,6.460,2.123,86.000,1.000,60.228,45.000,111.000,4117.000,85.000
2021-06-02,1467.256,13.000,1872.808,13.158,4.169,163.000,5.000,70.848,46.000,204.000,7987.000,107.000
2021-06-03,507.358,12.000,1818.901,,4.363,27.000,3.000,64.597,55.000,111.000,8269.000,105.000
2021-06-04,531.845,8.000,1814.816,5.366,2.318,37.000,3.000,68.270,53.000,72.000,4588.099,99.000
2021-06-05,536.668,14.000,1853.018,,3.774,33.000,11.000,64.084,52.000,153.000,7431.000,102.500
2021-06-06,464.031,2.000,1727.022,,3.250,47.000,3.000,56.790,51.000,55.000,6365.000,86.000
2021-06-07,948.227,11.000,1796.728,4.290,2.082,78.000,,59.760,44.000,113.000,3632.000,79.000
2021-06-08,692.077,10.000,1823.432,6.470,4.331,73.000,3.000,59.500,45.000,134.000,8380.000,90.000
2021-06-09,526.299,14.000,1831.521,,3.731,55.000,2.000,55.440,46.000,88.000,6874.000,92.000
2021-06-10,1294.187,13.000,1876.805,4.864,4.627,144.000,4.000,66.733,46.000,195.000,8788.333,89.000
2021-06-11,772.438,14.000,1865.301,5.673,5.390,90.000,14.000,70.158,49.000,156.000,10166.000,96.000
2021-06-12,704.622,12.000,1883.165,,5.680,75.000,5.000,67.828,56.000,154.000,10839.000,85.000
2021-06-13,698.314,8.000,1805.928,9.010,3.053,97.000,2.000,69.898,45.000,117.000,6019.854,100.000
2021-06-14,1016.051,14.000,1852.225,13.584,3.745,101.000,5.000,61.701,44.000,162.000,7243.000,84.000
2021-06-15,437.384,8.000,1806.794,,2.432,38.000,2.000,54.242,47.000,46.000,4511.000,91.000
2021-06-16,836.841,12.000,1825.693,1.853,3.705,96.000,1.000,59.081,43.000,127.000,6861.000,88.000
2021-06-17,887.457,15.000,1902.362,5.868,5.753,93.000,8.000,63.859,44.000,169.000,10778.005,122.000
2021-06-18,790.624,15.000,1913.269,5.690,5.148,82.967,10.000,68.222,58.000,139.000,9493.826,92.000
2021-06-19,639.375,3.000,1746.315,,4.574,2.033,17.000,54.044,46.000,15.000,8705.918,78.500
2021-06-20,463.694,17.000,1851.009,,3.681,28.000,8.000,64.760,56.000,121.000,6911.000,94.000
2021-06-21,645.049,6.000,1788.980,6.086,1.933,81.000,2.000,64.973,47.000,122.000,3643.291,117.000
2021-06-22,1016.009,13.000,1837.682,9.480,1.718,118.000,3.000,61.423,45.000,126.000,3204.000,86.500
2021-06-23,396.039,12.000,1823.108,,1.305,23.000,3.000,53.899,46.000,73.000,2442.000,91.000
2021-06-24,610.708,13.000,1835.316,,2.843,59.000,4.000,57.992,47.000,106.000,5270.000,87.000
2021-06-25,680.151,15.000,1884.622,,6.314,42.626,4.000,56.450,48.000,175.000,11773.639,95.000
2021-06-26,770.341,17.000,1915.718,,6.482,57.374,23.000,77.647,67.000,236.000,12026.625,
2021-06-27,554.369,13.000,1867.033,,2.038,42.000,9.000,57.283,46.000,87.000,3791.849,85.500
2021-06-28,1018.156,14.000,1842.375,12.130,2.549,86.000,2.000,61.845,44.000,112.000,4814.000,82.000
2021-06-29,325.320,9.000,1795.288,,1.751,19.000,1.000,53.501,46.000,51.000,3098.000,86.000
2021-06-30,1257.602,16.000,1848.739,14.340,3.575,114.000,2.000,64.979,44.000,152.000,6713.739,96.000
2021-07-01,858.759,11.000,1833.081,13.930,2.854,100.000,1.000,60.155,46.000,136.000,5329.000,84.000
2021-07-02,789.805,15.000,1845.691,,3.525,66.000,2.000,63.748,49.000,121.000,6589.000,95.000
2021-07-03,928.295,14.000,1861.564,8.100,4.894,92.000,4.000,65.483,47.000,182.000,9459.000,106.000
2021-07-04,473.635,13.000,1835.802,,3.268,23.000,3.000,64.737,53.000,125.000,6262.000,85.000
2021-07-05,325.703,13.000,1816.329,,1.266,10.000,2.000,56.590,48.000,59.000,2438.857,89.000
2021-07-06,471.850,6.000,1785.345,,2.886,46.000,2.000,52.594,44.000,57.000,5539.530,84.000
2021-07-07,1504.714,17.000,1860.448,18.988,5.235,185.000,8.000,66.985,44.000,213.000,9757.173,86.000
2021-07-08,995.132,15.000,1864.071,4.855,6.357,107.000,17.000,65.444,48.000,164.000,12070.000,88.500
2021-07-09,430.485,11.000,1819.593,,2.418,14.000,3.000,68.321,65.000,67.000,4570.419,107.000
2021-07-10,1130.028,13.000,1881.411,,5.310,105.000,7.514,64.051,60.000,191.000,9913.000,91.000
2021-07-11,326.960,11.000,1805.296,,1.556,8.000,2.000,61.164,44.000,52.000,2889.000,86.000
2021-07-12,774.055,10.000,1822.523,,2.217,76.000,1.000,58.439,44.000,93.000,4110.000,86.000
2021-07-13,851.742,14.000,1850.850,5.079,4.889,66.000,3.000,61.739,47.000,163.000,8720.507,91.000
2021-07-14,588.631,11.000,1847.050,,4.833,64.000,4.000,60.272,49.000,107.000,9018.000,92.000
2021-07-15,442.137,12.000,1827.565,2.229,2.160,31.000,4.000,59.414,48.000,83.000,4095.242,90.000
2021-07-16,719.601,11.000,1828.319,2.813,3.382,48.000,4.000,61.310,47.000,113.000,6119.000,98.000
2021-07-17,802.744,18.000,1849.537,,3.721,90.000,7.000,70.501,54.000,173.000,7016.000,88.000
2021-07-18,1033.601,15.000,1892.867,,5.281,101.000,9.000,63.962,53.000,239.000,10069.000,103.000
2021-07-19,1039.150,14.000,1843.376,4.287,5.456,104.000,7.000,63.262,46.000,180.000,10101.029,89.000
2021-07-20,739.987,16.000,1866.129,2.796,3.856,67.000,6.000,61.270,46.000,168.000,7188.000,91.000
2021-07-21,616.408,16.000,1885.677,,4.654,57.000,3.000,57.793,56.000,127.000,8853.000,87.000
2021-07-22,761.510,15.000,1889.999,4.782,4.879,73.000,10.000,67.737,53.000,140.000,9476.000,96.500
2021-07-23,569.217,12.000,1875.683,3.689,2.695,38.000,1.000,63.238,60.000,121.000,5226.801,96.000
2021-07-24,703.825,12.000,1827.786,,3.566,40.000,5.000,66.031,60.000,93.000,6791.199,99.000
2021-07-25,666.277,11.000,1833.564,,3.321,87.000,4.000,60.778,48.000,116.000,6277.000,86.000
2021-07-26,922.114,15.000,1871.079,5.554,6.031,87.000,5.000,61.545,39.000,186.000,10998.000,97.000
2021-07-27,1176.722,12.000,1830.024,4.329,4.005,118.000,8.000,67.674,50.000,150.000,7555.000,93.000
2021-07-28,501.943,11.000,1817.617,,4.627,72.000,7.000,58.114,48.000,100.000,8800.000,93.000
2021-07-29,690.447,15.000,1878.194,,4.424,75.000,5.000,59.155,45.000,146.000,8208.000,90.000
2021-07-30,428.207,8.000,1788.725,,1.295,21.000,4.000,61.492,51.000,40.000,2430.061,113.000
2021-07-31,955.313,14.000,1902.243,,9.210,65.000,10.000,59.785,47.000,290.000,17622.000,89.000
2021-08-01,558.737,13.000,1834.660,,5.496,34.000,6.000,65.998,48.000,132.000,10357.000,94.000
2021-08-02,665.448,13.000,1817.053,4.668,4.203,61.000,6.315,54.166,42.000,152.000,7791.569,82.000
2021-08-03,764.820,14.000,1840.250,6.280,3.893,82.000,4.000,56.573,43.000,113.000,7477.000,86.000
2021-08-04,433.338,13.000,1820.861,,2.689,33.000,2.000,53.615,47.000,74.000,5142.199,84.000
2021-08-05,503.219,12.000,1817.020,2.600,3.087,58.000,3.000,56.110,44.000,82.000,5746.000,100.000
2021-08-06,520.013,12.000,1836.288,2.747,2.766,47.000,3.000,58.254,47.000,78.000,5019.000,93.000
2021-08-07,897.451,14.000,1854.321,,3.482,118.000,2.000,60.355,47.000,145.200,6585.000,92.000
2021-08-08,503.658,13.000,1882.172,,2.917,28.000,9.000,58.007,48.000,73.000,5343.960,154.500
2021-08-09,1403.635,14.000,1848.229,28.570,2.869,178.000,5.000,66.759,47.500,223.000,5446.000,87.750
2021-08-10,533.760,10.000,1819.728,,2.139,34.000,2.000,57.167,46.000,79.000,3989.000,114.500
2021-08-11,975.495,10.000,1805.784,,7.314,59.000,9.000,58.128,,144.000,13648.000,
2021-08-12,922.903,16.000,1939.866,,9.217,66.000,10.000,60.180,60.500,239.000,17473.846,101.500
2021-08-13,892.546,12.000,1865.253,,6.822,84.000,5.000,71.773,,182.000,13283.154,
2021-08-14,504.073,10.000,1819.806,,2.664,67.000,2.000,56.245,46.000,107.000,5376.000,79.000
2021-08-15,995.370,14.000,1890.717,6.990,4.926,89.000,10.000,62.023,45.000,160.000,9765.349,79.000
2021-08-16,1372.797,14.000,1881.555,19.956,4.177,172.000,6.000,73.554,58.000,274.000,7953.391,83.000
2021-08-17,834.974,15.000,1848.085,,3.751,75.000,4.000,62.651,49.000,126.000,6481.000,94.000
2021-08-18,978.044,15.000,1847.577,18.234,3.163,105.000,5.000,65.298,48.000,152.000,5881.000,83.000
2021-08-19,479.790,14.000,1843.035,,2.387,19.000,2.000,57.436,48.000,90.000,4744.000,81.000
2021-08-20,1095.579,13.000,1859.300,4.712,4.103,138.000,5.000,66.863,47.000,171.000,7662.000,85.000
2021-08-21,901.825,16.000,1886.503,,6.713,76.000,7.000,64.947,49.000,244.000,13306.527,92.000
2021-08-22,589.121,13.000,1860.791,,4.685,55.000,8.656,62.454,52.000,168.000,9327.000,85.000
2021-08-23,1051.330,12.000,1849.966,17.606,4.960,125.000,9.000,63.616,44.000,193.000,9285.000,93.000
2021-08-24,493.238,9.000,1832.763,,4.423,51.000,6.000,54.434,47.000,92.000,8612.434,92.000
2021-08-25,415.571,14.000,1832.094,,3.438,11.000,4.000,52.151,44.000,85.000,6607.000,84.000
2021-08-26,350.814,13.000,1854.975,,1.914,3.000,,52.517,46.000,48.000,3461.000,88.000
2021-08-27,345.347,12.000,1844.305,,2.098,9.000,3.000,51.404,45.000,48.000,4000.000,80.000
2021-08-28,675.698,14.000,1888.575,,3.821,46.000,4.000,56.169,45.000,129.000,7156.000,88.500
2021-08-29,505.340,14.000,1848.394,,3.112,48.000,15.000,59.166,50.000,80.000,5899.000,101.000
2021-08-30,825.376,14.000,1842.466,,5.889,24.000,18.000,56.502,48.000,87.000,11666.000,85.000
2021-08-31,243.466,4.000,1784.583,,1.509,1.000,2.000,64.352,52.000,13.000,2915.000,
2021-09-01,361.698,8.000,1810.487,,2.290,28.000,3.000,53.865,46.000,49.000,4336.000,94.000
2021-09-02,762.196,16.000,1867.611,,5.974,63.000,69.000,62.451,50.000,146.000,11265.000,92.000
2021-09-03,476.907,14.000,1825.372,,3.766,47.000,6.000,67.147,52.000,93.000,7188.000,88.000
2021-09-04,457.550,13.000,1856.843,,3.394,42.000,6.000,59.207,48.000,73.000,6510.000,147.000
2021-09-05,386.142,2.000,1681.732,,3.020,,5.000,51.769,48.000,7.000,6021.021,84.000
2021-09-06,746.784,14.000,1847.152,,4.454,82.000,10.000,59.012,46.000,127.000,8387.000,94.000
2021-09-07,528.054,13.000,1879.434,,2.736,33.000,3.000,56.938,48.000,114.000,5044.768,101.500
2021-09-08,506.167,12.000,1840.633,,2.832,36.000,4.000,62.778,52.000,101.000,5744.222,85.000
2021-09-09,1012.687,14.000,1848.577,,4.643,129.000,5.755,64.555,47.000,176.000,8896.372,95.000
2021-09-10,707.390,16.000,1901.662,,6.310,65.000,5.000,59.730,49.000,159.000,12209.445,93.000
2021-09-11,589.552,16.000,1907.552,,4.646,29.000,5.000,81.228,68.000,127.000,9031.404,99.000
2021-09-12,489.252,11.000,1851.318,,4.613,36.000,2.000,71.236,53.000,110.000,8721.151,
2021-09-13,1243.070,14.000,1885.784,,6.749,165.000,3.000,83.318,46.000,195.000,12034.000,96.000
2021-09-14,442.768,13.000,1822.530,,3.853,38.000,8.000,66.676,53.000,100.000,7291.000,87.000
2021-09-15,1076.926,14.000,1867.804,,4.048,102.000,3.000,87.406,50.000,160.000,7564.065,94.000
2021-09-16,510.678,13.000,1846.216,,2.934,43.000,1.000,71.108,52.000,91.000,5583.000,91.000
2021-09-17,370.369,12.000,1828.149,,2.244,32.000,1.000,71.309,51.000,72.000,4309.235,89.000
2021-09-18,1036.539,15.000,1875.178,,9.064,149.000,12.000,79.773,51.000,258.000,17413.000,98.000
2021-09-19,743.831,16.000,1875.814,,3.428,70.000,6.000,81.944,51.000,128.000,6606.336,91.000
2021-09-20,791.993,14.000,1848.163,,1.559,68.000,8.000,72.250,54.000,93.000,2855.563,98.000
2021-09-21,651.807,14.000,1846.415,,2.790,71.000,2.000,58.682,47.000,148.000,5097.000,48.000
2021-09-22,1078.479,15.000,1839.904,,2.019,92.000,1.000,64.761,48.000,141.000,3630.000,92.000
2021-09-23,542.378,14.000,1844.658,,3.169,52.000,4.000,60.333,50.000,95.000,5790.000,102.000
2021-09-24,498.606,14.000,1840.465,,3.130,39.000,6.000,60.181,50.000,95.000,5891.000,92.000
2021-09-25,712.640,15.000,1893.666,,5.585,56.000,16.000,64.731,49.000,183.000,10633.000,119.000
2021-09-26,358.678,13.000,1814.418,,2.564,19.000,4.000,66.902,53.000,82.000,4917.442,86.000
2021-09-27,388.799,12.000,1804.203,,1.686,17.000,1.000,52.076,46.000,43.000,3198.000,89.000
2021-09-28,759.920,15.000,1870.301,1.097,5.518,72.000,28.000,57.617,47.000,152.000,10281.000,111.000
2021-09-29,397.492,15.000,1850.652,,2.636,24.000,1.000,60.262,52.000,72.000,4797.000,93.000
2021-09-30,883.913,14.000,1838.353,,3.193,82.000,3.000,64.025,49.000,135.000,5939.000,92.000
2021-10-01,559.190,10.000,1846.447,,4.429,52.000,3.000,60.897,51.000,106.000,8224.117,105.000
2021-10-02,891.280,14.000,1868.021,,6.029,73.000,8.000,65.880,51.000,176.000,10430.000,102.000
2021-10-03,329.386,13.000,1823.583,,1.716,14.000,9.000,66.535,57.000,74.000,3156.471,95.500
2021-10-04,509.312,16.000,1814.919,,3.844,49.000,2.000,56.404,49.000,83.000,7122.000,93.000
2021-10-05,264.416,12.000,1797.179,,0.797,2.000,,54.140,47.000,23.000,1411.000,76.000
2021-10-06,810.075,16.000,1867.135,14.280,1.720,61.000,,59.786,47.000,107.000,3039.044,88.000
2021-10-07,673.048,14.000,1808.727,,3.051,82.000,1.000,60.601,48.000,113.000,5497.000,108.000
2021-10-08,595.278,15.000,1925.892,,3.966,38.000,2.000,59.724,47.000,112.000,7350.128,95.000
2021-10-09,807.490,19.000,1924.800,,7.016,51.000,7.000,72.292,60.000,208.000,13075.318,
2021-10-10,413.315,10.000,1865.195,,2.584,32.000,2.000,58.456,53.000,75.000,4716.000,93.000
2021-10-11,1028.335,16.000,1858.350,14.230,4.530,127.000,3.000,63.320,45.000,173.000,8380.053,90.000
2021-10-12,590.998,16.000,1880.204,,1.925,51.000,1.000,57.167,45.000,87.000,3555.000,88.000
2021-10-13,788.560,13.000,1864.569,,2.996,102.000,2.000,58.682,45.000,151.000,5527.000,97.500
2021-10-14,1108.057,12.000,1856.333,14.250,4.276,129.000,2.000,64.421,47.000,186.000,7852.216,107.000
2021-10-15,1104.344,15.000,1882.576,14.210,5.181,135.000,1.000,67.541,49.000,210.000,10066.491,94.000
2021-10-16,283.541,10.000,1798.562,,1.898,17.000,5.000,67.358,50.000,57.000,3531.000,92.000
2021-10-17,1207.484,14.000,1869.642,,8.429,159.000,4.000,63.417,46.000,243.000,15634.000,102.000
2021-10-18,521.904,14.000,1841.100,,3.548,50.000,2.000,56.882,47.000,93.000,6754.000,88.000
2021-10-19,1036.792,13.000,1877.029,14.390,4.347,111.000,7.000,65.891,50.000,166.000,7893.000,94.000
2021-10-20,855.008,13.000,1860.829,,5.045,112.000,3.000,62.034,48.000,166.000,9195.000,96.000
2021-10-21,755.062,14.000,1843.889,4.450,2.584,88.000,3.000,61.352,47.000,140.000,4754.510,90.000
2021-10-22,1356.202,16.000,1875.951,14.440,5.358,147.000,8.000,67.704,50.000,255.000,9259.000,95.000
2021-10-23,614.172,14.000,1843.773,,4.338,80.000,7.000,68.522,60.000,120.000,8017.000,99.000
2021-10-24,345.136,14.000,1802.495,,1.823,40.000,2.000,58.870,52.000,70.000,3346.000,89.000
2021-10-25,640.886,13.000,1850.360,10.890,2.393,62.000,2.000,59.795,49.000,109.000,4333.000,79.000
2021-10-26,335.690,12.000,1822.983,,2.154,1.000,1.000,54.503,49.000,69.000,3958.000,86.500
2021-10-27,390.171,13.000,1823.308,,2.619,22.000,1.000,55.798,49.000,63.000,4845.000,87.000
2021-10-28,472.075,14.000,1853.272,,3.806,33.000,2.000,58.107,48.000,105.000,6979.000,92.000
2021-10-29,297.081,14.000,1823.656,,1.589,6.000,1.000,57.308,48.000,62.000,2897.851,90.000
2021-10-30,511.597,15.000,1832.468,,2.627,50.000,2.000,57.983,49.000,99.000,4980.000,89.000
2021-10-31,772.782,12.000,1815.682,,7.709,90.000,15.000,59.648,48.000,197.000,14799.000,101.000
2021-11-01,670.448,15.000,1844.417,,3.348,80.000,2.000,65.776,52.000,121.000,6141.034,96.000
2021-11-02,974.650,16.000,1857.187,,3.537,134.000,4.000,63.027,47.000,163.000,6134.000,100.000
2021-11-03,460.910,13.000,1832.970,,1.453,35.000,,57.924,49.000,66.000,2676.000,89.000
2021-11-04,625.244,14.000,1856.320,,4.778,63.000,5.000,60.893,49.000,132.000,8480.000,93.000
2021-11-05,965.061,15.000,1838.972,,5.413,125.000,20.000,65.263,51.000,171.000,9974.000,102.000
2021-11-06,992.956,16.000,1888.443,5.960,4.830,126.000,6.000,64.478,50.000,220.000,9085.151,84.000
2021-11-07,805.801,16.000,1888.626,,4.954,101.000,4.000,69.002,52.000,160.000,9389.333,101.000
2021-11-08,762.647,15.000,1834.241,,5.004,112.000,13.000,58.598,46.000,138.000,9402.210,86.000
2021-11-09,1034.040,17.000,1864.194,14.530,6.158,135.000,4.000,63.069,47.000,207.000,11735.000,87.000
2021-11-10,333.346,14.000,1817.494,,1.448,16.000,2.000,56.845,47.000,47.000,2647.000,114.000
2021-11-11,478.019,14.000,1807.291,,3.741,48.000,14.000,60.670,52.000,99.000,7078.000,98.000
2021-11-12,555.767,11.000,1802.498,6.060,2.278,49.000,3.000,57.408,47.000,115.000,4118.000,92.000
2021-11-13,381.864,11.000,1807.342,,2.910,38.000,10.000,58.594,48.000,80.000,5432.000,91.000
2021-11-14,759.966,13.000,1826.929,,3.080,97.000,2.000,66.094,52.000,124.000,5668.000,98.000
2021-11-15,1019.687,13.000,1852.004,,3.618,134.000,10.000,66.338,50.000,172.000,6786.000,95.000
2021-11-16,830.161,16.000,1837.650,,7.271,107.000,22.000,62.035,50.000,178.000,13711.268,95.000
2021-11-17,675.525,13.000,1812.033,12.720,1.070,57.000,,60.757,50.000,111.000,1964.000,91.000
2021-11-18,677.181,15.000,1856.694,4.750,3.373,62.000,5.000,61.449,51.000,122.000,6210.000,91.000
2021-11-19,499.007,13.000,1825.536,,3.518,46.000,3.000,61.158,50.000,107.000,6391.575,105.000
2021-11-20,880.067,16.000,1850.500,,4.559,121.000,4.511,66.798,52.000,147.000,8354.507,93.000
2021-11-21,764.677,8.000,1824.581,,3.216,101.000,7.000,65.136,51.000,115.000,6131.000,105.000
2021-11-22,467.192,12.000,1823.904,,3.489,37.000,4.000,58.999,50.000,86.000,6313.838,93.000
2021-11-23,387.417,15.000,1835.681,,2.088,19.000,4.050,58.130,49.000,80.000,3933.000,96.000
2021-11-24,461.042,15.000,1856.129,,2.699,24.000,13.843,56.161,50.000,114.000,4879.107,85.000
2021-11-25,1245.870,16.000,1880.003,,7.642,127.000,22.000,69.564,49.000,224.000,13932.073,107.500
2021-11-26,421.377,15.000,1876.863,,2.094,12.000,6.000,58.843,51.000,96.000,3968.504,86.000
2021-11-27,430.198,13.000,1816.353,,2.511,26.000,9.000,66.590,54.000,77.000,4749.288,101.500
2021-11-28,513.983,9.000,1776.076,,4.375,13.000,4.000,59.326,49.000,101.000,8311.000,80.000
2021-11-29,636.566,15.000,1815.530,9.770,2.001,59.000,6.000,62.185,50.000,102.000,3748.000,91.000
2021-11-30,641.398,12.000,1823.803,,2.550,91.000,4.000,58.538,48.000,104.000,4818.000,94.000
2021-12-01,327.026,7.000,1801.672,,2.472,29.000,6.000,55.343,49.000,57.000,4747.000,90.000
2021-12-02,1062.503,14.000,1886.667,14.310,3.313,113.000,2.000,68.485,47.000,174.000,6253.000,93.000
2021-12-03,731.707,13.000,1863.048,,6.870,63.000,11.000,67.546,53.000,200.000,13196.321,89.000
2021-12-04,699.101,17.000,1878.584,,4.581,47.000,4.596,79.585,65.000,178.000,8811.628,99.000
2021-12-05,382.009,14.000,1813.430,0.180,1.485,29.000,4.000,57.257,50.000,77.000,2794.022,86.000
2021-12-06,461.383,17.000,1833.550,,3.757,29.000,5.000,56.797,46.500,91.000,7216.381,76.500
2021-12-07,583.135,15.000,1868.748,,3.957,35.000,7.000,58.601,50.000,131.000,7470.000,91.000
2021-12-08,550.709,17.000,1845.959,,3.867,40.000,13.000,60.235,51.000,113.000,7362.000,93.000
2021-12-09,463.500,11.000,1812.484,,3.484,39.000,7.000,60.276,,95.000,6706.000,
2021-12-10,539.435,10.000,1831.667,,4.902,24.000,6.000,59.408,53.000,79.000,9632.749,77.000
2021-12-11,674.894,14.000,1856.642,,4.966,62.000,2.000,62.512,52.000,165.000,9411.000,106.000
2021-12-12,433.556,13.000,1789.565,,1.831,47.000,1.000,57.730,50.000,80.000,3502.767,92.000
2021-12-13,763.748,14.000,1841.446,,3.423,86.000,7.000,63.981,47.000,112.000,6371.000,114.000
2021-12-14,825.173,15.000,1866.727,10.600,3.438,79.000,4.000,65.145,49.000,132.000,6650.605,89.000
2021-12-15,712.734,15.000,1867.154,,4.362,86.000,11.000,62.195,48.000,128.000,8283.000,94.000
2021-12-16,1212.716,17.000,1899.061,14.400,4.212,132.000,11.483,66.480,47.000,230.000,8023.000,91.000
2021-12-17,374.200,16.000,1865.935,,2.311,11.000,4.174,60.197,51.000,74.000,4433.000,106.000
2021-12-18,853.689,14.000,1917.753,,5.095,116.000,19.000,61.797,49.000,201.000,9834.000,92.000
2021-12-19,362.025,12.000,1849.437,,2.422,17.000,8.000,66.792,54.000,91.000,4694.000,98.000
2021-12-20,348.697,11.000,1833.763,,2.313,24.000,5.000,53.660,46.000,51.000,4435.643,88.000
2021-12-21,593.373,15.000,1888.450,,4.466,47.000,7.000,55.871,44.000,126.000,8198.000,95.000
2021-12-22,116.205,5.000,1780.915,,0.377,,,70.305,60.000,10.000,731.000,125.000
2021-12-23,441.838,15.000,1903.600,,2.317,13.000,6.000,64.827,59.000,76.000,4345.000,102.000
2021-12-24,804.697,16.000,1929.563,,5.051,84.000,16.000,68.020,52.000,199.000,9786.000,97.000
2021-12-25,472.711,8.000,1771.196,,2.951,15.000,18.000,69.873,63.000,90.000,5683.000,108.000
2021-12-26,339.300,11.000,1846.474,,2.261,16.000,10.000,58.604,52.000,79.000,4234.000,94.500
2021-12-27,374.752,12.000,1868.257,,2.535,22.000,4.000,55.718,48.000,79.000,4936.000,85.000
2021-12-28,716.582,12.000,1858.733,14.290,1.273,51.000,2.000,61.461,49.000,91.000,2437.000,
2021-12-29,764.348,14.000,1853.628,,3.320,108.000,4.000,61.669,48.000,125.000,6123.000,91.000
2021-12-30,1080.288,16.000,1858.728,16.060,2.616,115.000,2.000,67.686,50.000,205.000,4868.000,93.000
2021-12-31,792.226,16.000,1907.884,,5.104,66.000,10.000,61.998,49.000,228.000,9692.000,94.000