Date,Active energy burned(Cal),Activity,Distance(mi),Duration(s),Elevation: Ascended(ft),Elevation: Maximum(ft),Elevation: Minimum(ft),Heart rate zone: A Easy (<115bpm)(%),Heart rate zone: B Fat Burn (115-135bpm)(%),Heart rate zone: C Moderate Training (135-155bpm)(%),Heart rate zone: D Hard Training (155-175bpm)(%),Heart rate zone: E Extreme Training (>175bpm)(%),Heart rate: Average(count/min),Heart rate: Maximum(count/min),METs Average(kcal/hrÂ·kg),Speed: Average(mi/hr),Speed: Maximum(mi/hr),Swimming stroke count(count),Weather: Humidity(%),Weather: Temperature(degF)
2020-01-20 10:01:53 - 2020-01-20 10:02:39,2.000,Cycling (Indoor),0.060,46.000,,,,,,,,,,,,1.600,18.700,,,
2020-01-20 10:04:59 - 2020-01-20 10:24:59,227.000,Cycling (Indoor),5.910,1200.000,,,,,,,,,,,,17.800,26.600,,,
2020-04-06 07:28:08 - 2020-04-06 07:52:59,119.464,Walking,1.388,1490.397,33.038,625.653,576.721,1.000,0.000,0.000,0.000,0.000,95.948,101.635,5.414,,,,78.000,41.000
2020-04-06 11:47:17 - 2020-04-06 12:19:18,158.533,Walking,1.965,1920.710,49.180,616.219,589.787,1.000,0.000,0.000,0.000,0.000,90.973,92.378,5.629,,,,47.000,55.000
2020-04-07 09:35:16 - 2020-04-07 09:58:39,187.041,Walking,2.140,1403.468,14.173,604.621,591.422,0.334,0.333,0.000,0.000,0.333,137.496,179.843,8.321,,,,79.000,62.000
2020-04-08 10:07:16 - 2020-04-08 10:50:28,245.108,Walking,2.914,2592.327,58.301,607.503,560.249,1.000,0.000,0.000,0.000,0.000,96.419,98.791,6.246,,,,77.000,55.000
2020-04-11 14:21:42 - 2020-04-11 14:36:46,196.519,Running,2.034,865.457,53.543,896.764,849.046,0.333,0.445,0.000,0.222,0.000,125.667,160.000,12.186,,,,30.000,61.000
2020-04-13 11:45:15 - 2020-04-13 12:13:58,166.989,Walking,1.849,1722.535,56.627,607.886,591.574,1.000,0.000,0.000,0.000,0.000,100.379,106.026,6.423,,,,67.000,37.000
2020-04-28 07:52:27 - 2020-04-28 07:58:41,19.642,Running,0.244,117.687,,,,0.667,0.000,0.333,0.000,0.000,121.500,146.000,,,,,,
2020-04-28 07:52:36 - 2020-04-28 08:08:17,202.112,Running,2.008,940.982,3.740,614.742,582.908,0.500,0.000,0.500,0.000,0.000,129.034,149.204,13.119,,,,,
2020-05-04 08:00:47 - 2020-05-04 08:31:53,174.904,Walking,2.080,1865.964,81.430,612.545,591.624,1.000,0.000,0.000,0.000,0.000,93.891,101.254,6.254,,,,83.000,39.000
2020-05-12 17:56:13 - 2020-05-12 18:51:20,248.827,Walking,3.085,3307.091,39.764,612.054,597.745,0.688,0.312,0.000,0.000,0.000,106.047,124.000,5.262,,,,50.000,50.000
2020-05-13 10:05:29 - 2020-05-13 10:41:56,211.613,Walking,2.334,2187.064,14.304,608.033,591.753,1.000,0.000,0.000,0.000,0.000,101.174,105.927,6.348,,,,42.000,53.000
2020-05-18 13:53:13 - 2020-05-18 14:41:45,220.423,Walking,2.834,2911.362,46.654,605.836,587.966,1.000,0.000,0.000,0.000,0.000,98.148,100.648,5.244,,,,85.000,56.000
2020-05-20 12:24:23 - 2020-05-20 13:15:44,236.566,Walking,2.790,3081.223,32.874,602.138,596.254,0.833,0.000,0.167,0.000,0.000,103.045,155.000,5.308,,,,68.000,58.000
2020-05-21 18:18:09 - 2020-05-21 18:45:43,111.005,Walking,1.370,1653.593,180.118,695.488,590.561,1.000,0.000,0.000,0.000,0.000,93.594,102.307,4.691,,,,65.000,61.000
2020-05-22 07:50:26 - 2020-05-22 08:18:41,116.539,Walking,1.445,1695.345,41.404,622.585,597.877,1.000,0.000,0.000,0.000,0.000,95.688,102.000,4.806,,,,90.000,56.000
2020-05-22 22:38:12 - 2020-05-22 23:01:16,106.269,Walking,1.380,1383.660,22.244,601.477,597.737,1.000,0.000,0.000,0.000,0.000,93.842,99.592,5.737,,,,79.000,57.000
2020-05-23 11:58:31 - 2020-05-23 13:20:42,362.209,Walking,3.782,4931.737,87.795,629.268,588.589,1.000,0.000,0.000,0.000,0.000,98.859,102.810,5.123,,,,64.000,69.000
2020-05-24 09:43:47 - 2020-05-24 10:08:08,120.937,Walking,1.311,1460.927,8.005,609.705,597.707,1.000,0.000,0.000,0.000,0.000,99.475,112.307,,,,,59.000,75.000
2020-05-24 11:40:46 - 2020-05-24 12:20:54,130.171,Walking,1.660,2408.034,199.409,765.385,577.922,1.000,0.000,0.000,0.000,0.000,95.317,101.032,3.916,,,,49.000,81.000
2020-05-24 14:12:36 - 2020-05-24 15:13:11,159.941,Walking,1.740,3635.285,82.448,878.854,845.747,1.000,0.000,0.000,0.000,0.000,85.882,93.956,3.402,,,,51.000,85.000
2020-05-25 17:31:20 - 2020-05-25 18:00:30,138.534,Walking,1.428,1749.449,42.356,616.686,597.875,1.000,0.000,0.000,0.000,0.000,108.986,113.000,5.850,,,,51.000,82.000
2020-05-26 06:59:30 - 2020-05-26 07:28:10,195.095,Walking,2.186,1719.860,49.606,623.444,572.608,0.333,0.667,0.000,0.000,0.000,116.543,130.045,7.207,,,,69.000,71.000
2020-05-26 12:49:36 - 2020-05-26 13:29:16,230.804,Walking,2.401,2380.203,36.024,614.651,591.577,1.000,0.000,0.000,0.000,0.000,101.628,107.192,6.356,,,,59.000,82.000
2020-05-27 08:04:58 - 2020-05-27 08:33:42,119.853,Walking,1.411,1724.405,39.140,612.083,597.722,1.000,0.000,0.000,0.000,0.000,99.531,105.000,4.826,,,,67.000,76.000
2020-05-27 13:39:12 - 2020-05-27 13:52:37,85.673,Walking,0.908,805.139,6.562,613.672,588.063,1.000,0.000,0.000,0.000,0.000,101.076,103.347,6.921,,,,54.000,81.000
2020-05-27 13:52:52 - 2020-05-27 14:00:33,80.654,Running,0.866,460.973,7.119,622.606,574.427,0.000,0.000,1.000,0.000,0.000,145.171,145.171,10.739,,,,53.000,81.000
2020-05-27 19:01:07 - 2020-05-27 19:13:29,84.176,Walking,0.865,742.198,36.877,611.643,548.374,0.500,0.000,0.500,0.000,0.000,125.712,147.530,7.297,,,,65.000,74.000
2020-05-28 15:49:50 - 2020-05-28 16:49:21,266.834,Walking,3.474,3570.426,67.749,608.094,592.235,1.000,0.000,0.000,0.000,0.000,96.216,97.902,5.178,,,,49.000,81.000
2020-05-28 19:36:22 - 2020-05-28 19:59:20,146.331,Walking,1.359,1378.145,184.350,601.517,595.580,1.000,0.000,0.000,0.000,0.000,101.230,106.280,6.838,,,,87.000,67.000
2020-05-29 08:13:18 - 2020-05-29 08:39:19,128.392,Walking,1.394,1561.150,42.717,632.771,597.067,1.000,0.000,0.000,0.000,0.000,98.520,100.433,5.521,,,,75.000,62.000
2020-05-29 11:17:05 - 2020-05-29 11:32:02,73.266,Walking,0.989,896.477,15.092,605.091,586.750,1.000,0.000,0.000,0.000,0.000,100.592,101.198,5.580,,,,57.000,71.000
2020-05-29 11:33:07 - 2020-05-29 11:39:56,96.645,Running,1.024,409.064,,615.670,590.939,0.000,0.000,0.000,1.000,0.000,171.038,171.038,13.935,,,,57.000,71.000
2020-05-29 17:54:47 - 2020-05-29 18:15:30,140.192,Walking,1.325,1242.651,,610.248,597.224,1.000,0.000,0.000,0.000,0.000,106.573,106.845,7.196,,,,61.000,65.000
2020-05-31 09:16:50 - 2020-05-31 09:51:22,196.424,Walking,2.077,2072.644,66.273,900.670,847.774,1.000,0.000,0.000,0.000,0.000,92.502,94.915,6.266,,,,,
2020-06-03 16:03:03 - 2020-06-03 17:00:40,352.628,Walking,4.128,3456.721,60.794,616.454,590.925,0.833,0.000,0.167,0.000,0.000,111.876,154.799,6.641,,,,44.000,82.000
2020-06-04 17:47:34 - 2020-06-04 18:18:00,140.249,Walking,1.527,1826.051,174.606,607.533,594.280,1.000,0.000,0.000,0.000,0.000,91.401,98.628,5.661,,,,52.000,80.000
2020-06-05 07:57:18 - 2020-06-05 08:21:50,116.237,Walking,1.359,1472.289,39.370,623.715,597.965,1.000,0.000,0.000,0.000,0.000,97.400,106.195,6.039,,,,77.000,75.000
2020-06-05 13:26:26 - 2020-06-05 13:50:11,150.181,Walking,1.466,1424.405,14.239,607.888,591.510,0.333,0.667,0.000,0.000,0.000,116.688,121.231,6.790,,,,44.000,87.000
2020-06-05 13:50:25 - 2020-06-05 13:56:34,82.518,Running,0.781,369.180,,601.653,593.751,0.000,0.000,0.000,1.000,0.000,169.120,169.120,13.364,,,,42.000,88.000
2020-06-05 18:06:21 - 2020-06-05 18:27:47,118.265,Walking,1.342,1286.401,12.500,602.545,542.638,1.000,0.000,0.000,0.000,0.000,109.159,114.779,6.137,,,,45.000,86.000
2020-06-06 11:54:35 - 2020-06-06 13:10:32,115.614,Walking,1.347,1574.691,39.206,623.742,597.863,1.000,0.000,0.000,0.000,0.000,97.400,100.261,5.482,,,,55.000,67.000
2020-06-06 13:14:21 - 2020-06-06 13:45:07,167.694,Walking,1.857,1845.422,13.123,612.319,595.598,1.000,0.000,0.000,0.000,0.000,102.808,107.621,6.563,,,,59.000,67.000
2020-06-08 07:43:56 - 2020-06-08 08:14:47,190.634,Walking,2.091,1850.603,7.448,608.041,591.550,1.000,0.000,0.000,0.000,0.000,97.285,100.918,6.703,,,,56.000,71.000
2020-06-08 17:42:22 - 2020-06-08 18:02:00,102.642,Walking,1.322,1178.134,6.726,601.511,582.798,1.000,0.000,0.000,0.000,0.000,101.288,105.484,5.895,,,,36.000,82.000
2020-06-09 07:50:04 - 2020-06-09 08:15:30,132.203,Walking,1.323,1525.903,38.058,604.950,597.803,1.000,0.000,0.000,0.000,0.000,91.238,101.634,6.636,,,,55.000,75.000
2020-06-10 08:16:26 - 2020-06-10 08:27:34,145.452,Running,1.523,651.815,8.891,603.625,551.584,0.000,0.000,0.000,1.000,0.000,171.415,171.415,12.934,,,,82.000,76.000
2020-06-10 08:27:43 - 2020-06-10 08:36:24,63.225,Walking,0.586,521.154,29.921,617.037,594.742,0.000,0.000,1.000,0.000,0.000,146.012,146.012,7.758,,,,81.000,76.000
2020-06-10 18:44:34 - 2020-06-10 18:48:21,54.529,Running,0.567,226.868,,601.572,597.934,0.000,0.000,0.000,0.310,0.690,174.655,184.000,13.348,,,,65.000,68.000
2020-06-11 08:07:02 - 2020-06-11 08:28:28,101.738,Walking,1.163,1285.806,39.304,604.329,573.171,1.000,0.000,0.000,0.000,0.000,97.600,102.450,5.177,,,,63.000,65.000
2020-06-13 13:33:24 - 2020-06-13 14:08:12,154.166,Walking,1.601,2087.988,188.255,624.288,596.603,1.000,0.000,0.000,0.000,0.000,107.202,112.337,4.941,,,,65.000,61.000
2020-06-16 16:41:40 - 2020-06-16 17:03:16,125.646,Cycling,4.484,1295.862,13.517,602.288,577.888,0.000,0.000,0.500,0.500,0.000,154.649,156.135,6.400,,,,56.000,73.000
2020-06-17 07:43:13 - 2020-06-17 08:05:06,96.113,Walking,1.306,1313.442,,603.257,560.686,1.000,0.000,0.000,0.000,0.000,100.348,108.000,5.128,,,,61.000,73.000
2020-06-17 13:24:58 - 2020-06-17 13:32:24,97.837,Running,1.014,446.354,8.563,602.362,579.861,0.000,0.000,0.000,1.000,0.000,158.481,158.481,12.949,,,,47.000,79.000
2020-06-17 13:34:10 - 2020-06-17 13:41:24,99.251,Running,1.053,415.403,,600.253,565.112,0.000,0.000,0.000,1.000,0.000,174.964,174.964,13.669,,,,46.000,80.000
2020-06-18 08:29:54 - 2020-06-18 08:54:58,111.585,Walking,1.240,1503.938,,601.432,597.789,1.000,0.000,0.000,0.000,0.000,94.018,102.132,5.859,,,,48.000,77.000
2020-06-18 16:45:32 - 2020-06-18 16:57:32,45.686,Walking,0.622,719.913,,598.281,597.728,1.000,0.000,0.000,0.000,0.000,96.275,101.649,6.117,,,,37.000,81.000
2020-06-18 17:43:26 - 2020-06-18 17:58:18,57.595,Walking,0.670,892.520,42.717,629.950,593.598,1.000,0.000,0.000,0.000,0.000,98.483,98.886,4.590,,,,39.000,80.000
2020-06-20 09:11:37 - 2020-06-20 09:38:16,118.309,Walking,1.634,1599.161,7.776,603.338,568.374,1.000,0.000,0.000,0.000,0.000,93.999,95.123,5.204,,,,49.000,82.000
2020-06-22 07:29:41 - 2020-06-22 08:02:50,148.980,Walking,2.057,1989.405,6.562,603.829,579.015,1.000,0.000,0.000,0.000,0.000,89.917,91.880,5.196,,,,84.000,72.000
2020-06-23 08:14:45 - 2020-06-24 07:23:11,118.055,Walking,1.426,1546.752,35.958,610.526,594.076,1.000,0.000,0.000,0.000,0.000,81.979,90.367,5.882,,,,86.000,63.000
2020-06-25 08:08:08 - 2020-06-25 08:39:58,164.804,Walking,2.156,1909.839,,615.607,574.523,1.000,0.000,0.000,0.000,0.000,102.661,104.691,5.829,,,,68.000,69.000
2020-06-25 15:31:24 - 2020-06-25 15:56:19,148.786,Cycling,5.149,1495.062,29.331,600.421,586.735,0.000,0.000,0.667,0.333,0.000,149.601,161.063,6.576,,,,57.000,74.000
2020-06-25 19:10:12 - 2020-06-25 19:41:34,171.686,Walking,1.593,1881.871,7.940,599.129,591.562,0.949,0.051,0.000,0.000,0.000,107.282,129.000,6.113,,,,58.000,74.000
2020-06-26 08:46:49 - 2020-06-26 17:54:04,120.331,Walking (Indoor),1.330,1281.904,,,,0.392,0.608,0.000,0.000,0.000,116.694,127.000,6.855,,,,76.000,71.000
2020-06-26 17:56:24 - 2020-06-26 18:22:44,109.625,Walking,1.406,1579.890,54.199,595.168,586.358,1.000,0.000,0.000,0.000,0.000,95.318,96.865,4.645,,,,77.000,77.000
2020-06-29 08:42:38 - 2020-06-29 08:57:46,77.108,Walking,0.971,908.868,16.404,600.770,586.059,1.000,0.000,0.000,0.000,0.000,98.044,99.630,5.731,,,,74.000,82.000
2020-06-29 09:07:21 - 2020-06-29 09:12:48,72.056,Running,0.727,326.448,,597.895,589.868,0.000,0.000,0.000,0.000,1.000,178.628,178.628,13.273,,,,73.000,82.000
2020-06-30 06:57:56 - 2020-06-30 07:30:56,167.518,Walking,2.234,1980.583,32.054,601.189,562.744,1.000,0.000,0.000,0.000,0.000,91.915,94.988,5.736,,,,85.000,74.000
2020-06-30 18:33:13 - 2020-06-30 18:58:33,108.649,Walking,1.337,1520.384,177.133,623.712,575.447,1.000,0.000,0.000,0.000,0.000,99.166,105.513,4.995,,,,67.000,83.000
2020-07-01 08:24:57 - 2020-07-01 08:51:31,135.441,Walking,1.450,1594.216,37.795,604.401,594.151,1.000,0.000,0.000,0.000,0.000,90.178,99.000,6.625,,,,68.000,77.000
2020-07-01 16:56:49 - 2020-07-01 17:58:33,309.070,Walking,4.013,3704.470,29.396,601.766,585.456,1.000,0.000,0.000,0.000,0.000,103.965,106.034,5.652,,,,61.000,81.000
2020-07-02 17:56:18 - 2020-07-02 18:46:48,281.792,Walking,2.952,3029.858,,602.079,595.970,1.000,0.000,0.000,0.000,0.000,106.903,113.000,6.551,,,,62.000,81.000
2020-07-03 08:33:37 - 2020-07-03 08:59:25,109.665,Walking,1.361,1547.319,35.597,598.514,594.113,1.000,0.000,0.000,0.000,0.000,92.314,105.140,5.664,,,,63.000,80.000
2020-07-03 15:41:45 - 2020-07-03 15:56:26,172.296,Running,1.800,789.092,43.176,895.345,858.428,0.000,0.000,0.000,0.500,0.500,178.875,186.500,11.791,,,,39.000,88.000
2020-07-03 15:56:35 - 2020-07-03 15:58:26,9.498,Walking,0.097,111.315,7.480,892.369,879.931,0.000,0.000,0.666,0.286,0.048,152.333,181.000,5.872,,,,39.000,88.000
2020-07-05 16:15:08 - 2020-07-05 16:38:18,105.614,Walking,1.401,1389.871,,631.545,590.647,1.000,0.000,0.000,0.000,0.000,95.201,99.474,5.497,,,,50.000,86.000
2020-07-05 21:11:38 - 2020-07-05 21:43:01,115.481,Walking,1.503,1883.500,27.690,610.669,594.033,1.000,0.000,0.000,0.000,0.000,97.214,110.000,4.394,,,,61.000,81.000
2020-07-06 12:04:55 - 2020-07-06 13:02:02,283.040,Walking,3.490,3427.048,56.266,618.118,568.601,1.000,0.000,0.000,0.000,0.000,104.322,112.130,5.623,,,,49.000,87.000
2020-07-08 11:43:21 - 2020-07-08 12:00:36,65.791,Walking,0.730,1034.402,,595.879,572.447,1.000,0.000,0.000,0.000,0.000,82.581,85.228,4.517,,,,74.000,83.000
2020-07-08 12:03:09 - 2020-07-08 12:16:51,70.364,Walking,0.810,821.222,40.518,614.801,593.417,1.000,0.000,0.000,0.000,0.000,94.357,101.428,7.513,,,,74.000,83.000
2020-07-09 14:59:16 - 2020-07-09 15:36:37,458.391,HIIT,,2241.328,,,,0.000,0.000,0.250,0.750,0.000,158.942,168.398,12.019,,,,51.000,91.000
2020-07-09 19:49:09 - 2020-07-09 20:19:09,127.151,Walking,1.411,1799.844,179.560,595.567,591.485,0.000,1.000,0.000,0.000,0.000,121.793,125.639,5.255,,,,66.000,85.000
2020-07-10 07:27:44 - 2020-07-10 07:55:05,122.609,Walking,1.418,1640.574,40.584,599.810,593.663,1.000,0.000,0.000,0.000,0.000,89.794,96.398,5.663,,,,100.000,70.000
2020-07-10 17:18:02 - 2020-07-10 18:19:56,304.398,Walking,3.109,3714.342,179.331,595.516,586.236,0.000,1.000,0.000,0.000,0.000,122.435,126.341,5.649,,,,53.000,84.000
2020-07-12 12:52:47 - 2020-07-12 12:58:42,69.974,Swimming,0.056,355.467,,659.646,593.083,0.286,0.714,0.000,0.000,0.000,123.429,132.000,,,,194.000,67.000,74.000
2020-07-12 20:03:17 - 2020-07-12 20:36:00,131.686,Walking,1.514,1962.026,35.269,627.650,593.761,1.000,0.000,0.000,0.000,0.000,92.046,106.000,4.626,,,,77.000,70.000
2020-07-13 07:14:18 - 2020-07-13 07:57:36,203.012,Walking,1.973,1955.160,38.451,607.867,569.792,0.500,0.250,0.250,0.000,0.000,110.045,135.193,10.062,,,,82.000,70.000
2020-07-13 13:26:00 - 2020-07-13 13:41:14,70.518,Walking,0.944,913.237,8.333,598.224,576.989,1.000,0.000,0.000,0.000,0.000,97.682,99.210,5.311,,,,66.000,76.000
2020-07-14 17:38:33 - 2020-07-14 18:27:03,250.182,Walking,2.654,2909.974,14.600,609.313,575.804,1.000,0.000,0.000,0.000,0.000,95.069,100.895,6.079,,,,45.000,85.000
2020-07-14 21:38:25 - 2020-07-14 22:27:37,246.900,Walking,2.530,2951.747,56.955,606.766,589.361,0.875,0.125,0.000,0.000,0.000,110.169,117.000,5.885,,,,63.000,78.000
2020-07-15 18:33:51 - 2020-07-15 19:03:54,129.327,Walking,1.337,1802.984,175.951,606.956,591.347,1.000,0.000,0.000,0.000,0.000,107.026,109.868,5.281,,,,97.000,75.000
2020-07-16 07:56:43 - 2020-07-16 08:40:26,180.323,Walking,1.727,2622.643,34.580,629.993,594.237,0.889,0.111,0.000,0.000,0.000,91.885,117.991,4.889,,,,99.000,68.000
2020-07-16 17:45:35 - 2020-07-16 18:58:02,334.209,Walking,4.028,4347.507,61.516,639.117,580.394,1.000,0.000,0.000,0.000,0.000,92.876,99.197,5.288,,,,73.000,75.000
2020-07-17 07:37:07 - 2020-07-17 07:53:43,72.879,Walking,1.005,995.295,,600.480,566.320,1.000,0.000,0.000,0.000,0.000,87.594,89.894,5.107,,,,86.000,73.000
2020-07-17 08:07:48 - 2020-07-17 08:12:43,55.997,Running,0.626,236.467,,598.167,555.248,0.000,0.000,1.000,0.000,0.000,154.000,154.000,12.071,,,,83.000,75.000
2020-07-17 08:13:13 - 2020-07-17 08:21:56,40.175,Walking,0.363,523.358,42.093,620.380,590.141,0.000,1.000,0.000,0.000,0.000,134.181,134.181,5.288,,,,81.000,76.000
2020-07-17 19:13:52 - 2020-07-17 19:32:11,94.702,Cycling,2.504,1098.978,11.877,602.195,582.602,0.000,0.000,1.000,0.000,0.000,141.562,144.925,6.798,,,,55.000,85.000
2020-07-18 00:09:03 - 2020-07-18 00:39:07,145.142,Walking,1.493,1804.513,40.256,623.816,593.781,1.000,0.000,0.000,0.000,0.000,112.126,113.649,6.156,,,,73.000,80.000
2020-07-18 14:13:20 - 2020-07-18 14:56:11,209.959,Walking,2.288,2570.988,48.097,607.693,585.196,1.000,0.000,0.000,0.000,0.000,97.151,104.113,5.537,,,,63.000,89.000
2020-07-19 09:12:23 - 2020-07-19 09:34:14,96.213,Walking,1.205,1310.443,40.322,611.289,589.677,1.000,0.000,0.000,0.000,0.000,88.554,100.174,5.142,,,,93.000,76.000
2020-07-19 13:49:41 - 2020-07-19 14:12:59,93.991,Walking,1.255,1397.698,186.549,598.647,587.320,1.000,0.000,0.000,0.000,0.000,94.175,98.382,4.504,,,,100.000,71.000
2020-07-20 07:37:35 - 2020-07-20 08:01:25,104.027,Walking,1.325,1430.114,40.846,603.561,594.065,1.000,0.000,0.000,0.000,0.000,89.551,95.579,5.552,,,,73.000,73.000
2020-07-20 17:05:36 - 2020-07-20 17:51:25,393.735,HIIT,,2749.000,,,,0.500,0.500,0.000,0.000,0.000,119.403,126.806,8.790,,,,66.000,78.000
2020-07-20 20:32:15 - 2020-07-20 20:59:40,112.414,Walking,1.375,1644.199,175.525,595.147,591.648,1.000,0.000,0.000,0.000,0.000,97.886,100.000,5.248,,,,76.000,74.000
2020-07-21 08:01:40 - 2020-07-21 08:28:21,118.944,Walking,1.450,1600.855,36.483,601.200,593.622,1.000,0.000,0.000,0.000,0.000,89.035,96.000,5.784,,,,70.000,73.000
2020-07-21 17:44:22 - 2020-07-21 18:07:18,121.657,Walking,1.393,1376.414,,595.660,591.724,1.000,0.000,0.000,0.000,0.000,85.593,92.686,6.824,,,,71.000,78.000
2020-07-21 18:16:47 - 2020-07-21 18:21:56,37.476,Rowing,,308.909,,,,0.000,0.000,1.000,0.000,0.000,147.741,147.741,7.727,,,,77.000,76.000
2020-07-22 08:06:50 - 2020-07-22 08:33:18,108.621,Walking,1.444,1587.609,38.615,597.449,594.168,1.000,0.000,0.000,0.000,0.000,88.643,98.376,5.210,,,,94.000,73.000
2020-07-23 11:45:13 - 2020-07-23 12:21:14,220.290,Walking,2.535,2160.864,,595.770,552.560,0.750,0.000,0.250,0.000,0.000,106.915,143.559,6.664,,,,60.000,76.000
2020-07-23 13:07:34 - 2020-07-23 13:33:51,138.728,Walking,1.424,1576.898,40.453,647.205,594.167,0.833,0.167,0.000,0.000,0.000,106.638,117.346,6.310,,,,62.000,75.000
2020-07-23 18:18:58 - 2020-07-23 18:39:22,114.827,Walking,1.279,1224.739,,606.178,565.850,1.000,0.000,0.000,0.000,0.000,93.517,95.629,6.263,,,,68.000,76.000
2020-07-23 18:48:01 - 2020-07-23 18:55:08,34.845,Rowing,,427.021,,,,0.000,0.000,1.000,0.000,0.000,141.521,141.521,6.989,,,,70.000,76.000
2020-07-24 08:04:58 - 2020-07-24 08:35:58,123.612,Walking,1.418,1859.609,42.290,624.754,594.076,1.000,0.000,0.000,0.000,0.000,92.358,102.000,4.749,,,,92.000,70.000
2020-07-24 17:22:13 - 2020-07-24 17:58:08,155.525,Walking,1.746,2155.268,252.690,602.546,588.581,1.000,0.000,0.000,0.000,0.000,94.231,100.000,5.116,,,,71.000,79.000
2020-07-24 21:57:33 - 2020-07-24 22:28:53,141.838,Walking,1.348,1879.551,41.503,624.371,594.109,1.000,0.000,0.000,0.000,0.000,110.393,111.412,5.648,,,,90.000,74.000
2020-07-25 13:52:11 - 2020-07-25 14:23:38,127.614,Walking,1.471,1886.414,39.173,633.313,593.320,1.000,0.000,0.000,0.000,0.000,94.264,100.636,5.056,,,,54.000,86.000
2020-07-25 20:23:10 - 2020-07-25 21:30:25,286.376,Walking,3.689,4035.816,,609.636,594.115,1.000,0.000,0.000,0.000,0.000,97.797,101.000,5.094,,,,64.000,83.000
2020-07-26 12:24:48 - 2020-07-26 12:50:10,129.970,Walking,1.466,1514.212,47.408,609.506,589.975,1.000,0.000,0.000,0.000,0.000,96.447,108.696,6.693,,,,53.000,92.000
2020-07-26 17:57:59 - 2020-07-26 18:39:11,220.820,Walking,2.277,2471.562,61.450,624.958,586.742,1.000,0.000,0.000,0.000,0.000,101.459,105.228,5.946,,,,55.000,91.000
2020-07-27 17:51:29 - 2020-07-27 18:47:57,274.490,Walking,3.263,3387.561,35.827,604.339,573.860,1.000,0.000,0.000,0.000,0.000,97.598,102.093,5.540,,,,47.000,83.000
2020-07-28 08:08:14 - 2020-07-28 08:39:10,108.898,Walking,1.411,1856.079,40.617,604.236,594.133,1.000,0.000,0.000,0.000,0.000,94.753,105.000,4.411,,,,65.000,74.000
2020-07-28 16:01:57 - 2020-07-28 16:25:42,116.576,Walking,1.341,1425.098,,597.061,581.340,1.000,0.000,0.000,0.000,0.000,91.193,94.460,5.592,,,,45.000,87.000
2020-07-29 17:41:25 - 2020-07-29 18:24:26,172.347,Walking,1.909,2581.882,37.927,599.174,594.464,1.000,0.000,0.000,0.000,0.000,98.484,108.842,4.901,,,,76.000,78.000
2020-07-29 19:07:01 - 2020-07-29 19:43:34,142.608,Walking,1.708,2193.218,174.213,623.460,591.845,1.000,0.000,0.000,0.000,0.000,99.869,102.988,4.761,,,,75.000,77.000
2020-07-29 19:51:54 - 2020-07-29 20:26:55,141.873,Walking,1.617,2101.194,42.192,618.471,594.187,1.000,0.000,0.000,0.000,0.000,99.599,102.164,5.070,,,,79.000,76.000
2020-07-30 09:18:44 - 2020-07-30 09:43:15,99.845,Walking,1.354,1470.841,,595.545,592.049,1.000,0.000,0.000,0.000,0.000,94.450,99.000,5.187,,,,68.000,76.000
2020-07-31 09:55:20 - 2020-07-31 10:45:33,206.907,Walking,2.555,3013.514,64.862,662.306,596.105,1.000,0.000,0.000,0.000,0.000,91.589,100.000,5.566,,,,76.000,69.000
2020-08-03 17:32:46 - 2020-08-03 18:01:07,99.342,Walking,1.154,1701.471,181.759,600.509,582.525,1.000,0.000,0.000,0.000,0.000,101.103,104.506,4.140,,,,77.000,67.000
2020-08-03 18:14:19 - 2020-08-03 18:19:38,33.267,Rowing,,319.075,,,,0.000,0.000,1.000,0.000,0.000,136.668,136.668,6.842,,,,80.000,66.000
2020-08-04 08:06:31 - 2020-08-04 08:37:06,110.211,Walking,1.295,1834.979,37.205,607.406,594.183,1.000,0.000,0.000,0.000,0.000,87.056,90.000,4.411,,,,83.000,60.000
2020-08-04 18:07:27 - 2020-08-04 18:39:35,126.509,Walking,1.381,1927.921,184.055,624.868,591.702,1.000,0.000,0.000,0.000,0.000,100.543,105.000,4.981,,,,53.000,68.000
2020-08-05 08:15:12 - 2020-08-05 08:44:39,113.397,Walking,1.340,1767.125,40.322,625.552,594.121,1.000,0.000,0.000,0.000,0.000,83.120,90.237,4.915,,,,65.000,65.000
2020-08-05 19:48:41 - 2020-08-05 20:14:16,84.657,Walking,1.154,1534.231,180.643,624.428,564.730,1.000,0.000,0.000,0.000,0.000,81.161,84.000,3.983,,,,57.000,71.000
2020-08-06 07:56:58 - 2020-08-06 08:23:14,103.180,Walking,1.378,1576.512,39.534,599.517,594.168,1.000,0.000,0.000,0.000,0.000,89.643,96.000,5.134,,,,71.000,68.000
2020-08-06 14:36:13 - 2020-08-06 15:21:23,153.143,Walking,1.855,2709.350,45.505,613.982,579.787,1.000,0.000,0.000,0.000,0.000,94.601,105.000,4.208,,,,49.000,76.000
2020-08-06 18:18:14 - 2020-08-06 18:47:57,114.441,Walking,1.383,1782.358,,609.829,594.166,1.000,0.000,0.000,0.000,0.000,93.286,101.379,4.886,,,,50.000,75.000
2020-08-07 12:10:20 - 2020-08-07 12:29:22,101.283,Walking,1.181,1142.267,,605.365,595.049,1.000,0.000,0.000,0.000,0.000,96.777,106.662,6.939,,,,56.000,76.000
2020-08-07 18:07:06 - 2020-08-07 18:33:57,101.541,Walking,1.347,1610.889,11.713,594.739,591.854,0.286,0.714,0.000,0.000,0.000,116.918,121.000,5.308,,,,56.000,77.000
2020-08-08 20:42:13 - 2020-08-08 20:56:40,53.178,Cycling,2.454,866.289,16.535,603.347,587.175,0.000,0.000,0.000,1.000,0.000,159.801,160.547,5.010,,,,71.000,80.000
2020-08-09 12:37:05 - 2020-08-09 12:37:08,4.000,Cross Training (Indoor),,3.000,,,,,,,,,,,,,,,,
2020-08-10 08:07:49 - 2020-08-10 08:27:47,65.394,Walking,0.943,1198.083,39.075,651.429,595.029,1.000,0.000,0.000,0.000,0.000,89.150,94.902,4.512,,,,87.000,77.000
2020-08-10 10:17:58 - 2020-08-10 10:47:58,150.000,Functional Strength Training (Indoor),,1800.000,,,,0.500,0.000,0.500,0.000,0.000,123.500,150.000,,,,,,
2020-08-11 08:18:53 - 2020-08-11 08:46:23,105.574,Walking,1.355,1650.299,37.303,617.211,594.135,1.000,0.000,0.000,0.000,0.000,98.726,101.000,4.970,,,,81.000,70.000
2020-08-11 10:20:50 - 2020-08-11 10:30:50,51.000,Preparation and Recovery (Indoor),,600.000,,,,1.000,0.000,0.000,0.000,0.000,87.000,94.000,,,,,,
2020-08-11 10:33:24 - 2020-08-11 11:03:24,152.000,Functional Strength Training (Indoor),,1800.000,,,,1.000,0.000,0.000,0.000,0.000,83.800,89.000,,,,,,
2020-08-11 11:07:30 - 2020-08-11 11:17:30,25.000,Preparation and Recovery (Indoor),,600.000,,,,1.000,0.000,0.000,0.000,0.000,89.000,105.000,,,,,,
2020-08-11 13:32:57 - 2020-08-11 14:00:13,137.067,Walking,1.563,1636.011,58.563,602.607,563.447,1.000,0.000,0.000,0.000,0.000,103.527,112.198,5.666,,,,49.000,79.000
2020-08-11 19:15:43 - 2020-08-11 19:44:47,103.778,Walking,1.409,1743.543,178.445,623.663,591.174,1.000,0.000,0.000,0.000,0.000,89.949,95.696,4.594,,,,56.000,74.000
2020-08-12 08:13:06 - 2020-08-12 08:44:27,109.106,Walking,1.418,1880.419,39.731,692.868,594.203,1.000,0.000,0.000,0.000,0.000,90.198,99.000,4.471,,,,64.000,73.000
2020-08-12 19:06:49 - 2020-08-12 20:04:21,242.175,Walking,2.920,3452.154,,609.010,577.558,1.000,0.000,0.000,0.000,0.000,91.605,96.000,5.164,,,,65.000,76.000
2020-08-13 16:08:01 - 2020-08-13 16:37:56,308.496,HIIT,,1795.340,,,,0.000,0.333,0.667,0.000,0.000,136.635,143.709,10.292,,,,52.000,78.000
2020-08-13 16:08:09 - 2020-08-13 16:38:09,151.000,Functional Strength Training (Indoor),,1800.000,,,,0.000,0.000,1.000,0.000,0.000,140.309,143.709,,,,,,
2020-08-13 18:07:44 - 2020-08-13 18:33:23,105.603,Walking,1.385,1539.151,,595.588,591.777,1.000,0.000,0.000,0.000,0.000,94.966,99.706,5.316,,,,57.000,78.000
2020-08-14 08:12:59 - 2020-08-14 08:42:46,110.931,Walking,1.316,1786.941,41.699,611.577,593.611,1.000,0.000,0.000,0.000,0.000,89.155,93.000,4.717,,,,72.000,77.000
2020-08-14 17:29:32 - 2020-08-14 17:53:08,103.021,Yoga,,1415.824,,,,1.000,0.000,0.000,0.000,0.000,74.850,83.382,4.708,,,,55.000,82.000
2020-08-14 17:30:18 - 2020-08-14 17:46:47,62.000,Yoga (Indoor),,989.000,,,,,,,,,,,,,,,,
2020-08-15 10:00:06 - 2020-08-15 10:44:57,200.086,Walking,2.289,2690.835,47.244,607.994,585.124,1.000,0.000,0.000,0.000,0.000,87.940,91.596,5.177,,,,69.000,79.000
2020-08-15 11:20:54 - 2020-08-15 12:04:15,292.141,HIIT,,2600.983,,,,1.000,0.000,0.000,0.000,0.000,97.487,112.030,7.170,,,,58.000,84.000
2020-08-15 11:21:41 - 2020-08-15 11:51:41,152.000,Functional Strength Training (Indoor),,1800.000,,,,1.000,0.000,0.000,0.000,0.000,112.030,112.030,,,,,,
2020-08-15 11:54:45 - 2020-08-15 11:59:15,25.000,Functional Strength Training (Indoor),,270.000,,,,,,,,,,,,,,,,
2020-08-15 17:03:15 - 2020-08-15 17:30:04,121.666,Walking,1.299,1608.736,149.902,597.076,588.895,1.000,0.000,0.000,0.000,0.000,93.162,97.017,5.786,,,,62.000,81.000
2020-08-16 11:43:22 - 2020-08-16 12:02:24,82.770,Walking,1.062,1142.178,6.726,599.882,586.455,1.000,0.000,0.000,0.000,0.000,97.698,99.620,5.067,,,,47.000,77.000
2020-08-16 12:23:00 - 2020-08-16 13:24:21,252.422,Walking,3.065,3680.511,201.181,610.728,590.828,1.000,0.000,0.000,0.000,0.000,100.516,105.338,4.894,,,,43.000,78.000
2020-08-17 07:51:39 - 2020-08-17 08:08:31,83.587,Walking,0.974,1012.293,,600.587,577.330,1.000,0.000,0.000,0.000,0.000,90.029,92.384,5.720,,,,66.000,72.000
2020-08-17 08:18:27 - 2020-08-17 08:24:45,61.101,Running,0.687,301.210,,600.086,589.798,0.000,0.000,0.000,1.000,0.000,163.849,163.849,10.534,,,,65.000,72.000
2020-08-17 16:39:23 - 2020-08-17 17:02:43,194.359,HIIT,,1399.924,,,,0.000,1.000,0.000,0.000,0.000,120.883,121.768,8.587,,,,48.000,79.000
2020-08-17 16:39:48 - 2020-08-17 16:59:48,101.000,Functional Strength Training (Indoor),,1200.000,,,,0.000,1.000,0.000,0.000,0.000,119.997,119.997,,,,,,
2020-08-17 17:37:50 - 2020-08-17 18:12:42,140.722,Walking,1.811,2091.904,6.562,617.992,552.902,1.000,0.000,0.000,0.000,0.000,91.862,95.573,4.789,,,,48.000,78.000
2020-08-18 08:03:33 - 2020-08-18 08:27:05,78.794,Walking,0.957,1411.518,50.262,623.454,573.183,1.000,0.000,0.000,0.000,0.000,79.984,86.213,4.113,,,,61.000,71.000
2020-08-18 18:38:08 - 2020-08-18 18:48:08,51.000,Functional Strength Training (Indoor),,600.000,,,,1.000,0.000,0.000,0.000,0.000,97.000,97.000,,,,,,
2020-08-19 07:45:32 - 2020-08-19 08:12:17,109.008,Walking,1.506,1604.423,6.660,601.870,589.295,1.000,0.000,0.000,0.000,0.000,85.168,85.862,4.854,,,,65.000,68.000
2020-08-19 14:06:08 - 2020-08-19 14:35:26,166.802,Walking,1.813,1758.450,31.988,607.408,586.000,1.000,0.000,0.000,0.000,0.000,89.757,93.271,6.248,,,,51.000,74.000
2020-08-20 08:01:58 - 2020-08-20 08:40:36,206.866,Walking,2.185,2317.692,,624.488,585.382,1.000,0.000,0.000,0.000,0.000,90.615,92.682,5.943,,,,63.000,69.000
2020-08-20 19:03:33 - 2020-08-20 19:19:03,74.000,Functional Strength Training (Indoor),,930.000,,,,0.986,0.014,0.000,0.000,0.000,102.971,118.000,,,,,,
2020-08-21 07:55:27 - 2020-08-21 07:56:46,6.408,Rowing,,76.582,,,,0.167,0.833,0.000,0.000,0.000,126.333,133.000,5.971,,,,68.000,72.000
2020-08-26 17:22:50 - 2020-08-26 17:49:51,117.785,Walking,1.507,1620.511,17.323,619.307,554.283,1.000,0.000,0.000,0.000,0.000,90.839,92.418,5.112,,,,44.000,91.000
2020-08-27 07:49:47 - 2020-08-27 08:17:54,106.422,Walking,1.388,1687.674,39.239,628.599,572.478,1.000,0.000,0.000,0.000,0.000,88.640,91.025,4.521,,,,87.000,77.000
2020-08-27 10:50:38 - 2020-08-27 11:14:05,97.380,Walking,1.373,1407.377,179.626,613.347,570.124,1.000,0.000,0.000,0.000,0.000,88.560,92.900,4.896,,,,63.000,86.000
2020-08-27 15:34:22 - 2020-08-27 15:54:22,231.000,Cycling (Indoor),6.010,1200.000,,,,0.000,0.000,0.000,1.000,0.000,155.166,155.166,,18.100,25.900,,,
2020-08-27 15:35:52 - 2020-08-27 15:55:04,238.379,Cycling (Indoor),,1151.656,,,,0.000,0.000,0.000,1.000,0.000,161.000,166.833,12.159,,,,82.000,77.000
2020-08-28 05:41:09 - 2020-08-28 06:25:27,225.608,Walking,2.739,2658.019,40.617,611.480,594.890,0.875,0.000,0.125,0.000,0.000,96.657,141.529,6.161,,,,88.000,77.000
2020-08-28 07:11:05 - 2020-08-28 07:28:11,68.039,Walking,0.876,1025.418,37.041,597.579,595.272,1.000,0.000,0.000,0.000,0.000,95.047,100.000,5.298,,,,89.000,77.000
2020-08-28 08:28:11 - 2020-08-28 08:44:54,61.219,Walking,0.846,1003.006,36.319,602.964,595.401,1.000,0.000,0.000,0.000,0.000,92.888,95.000,5.219,,,,82.000,80.000
2020-08-28 17:28:12 - 2020-08-28 17:48:12,101.000,Functional Strength Training (Indoor),,1200.000,,,,0.500,0.500,0.000,0.000,0.000,108.500,124.000,,,,,,
2020-08-31 08:38:11 - 2020-08-31 09:08:11,111.000,Yoga (Indoor),,1800.000,,,,,,,,,,,,,,,,
2020-08-31 14:31:20 - 2020-08-31 14:51:20,101.000,Functional Strength Training (Indoor),,1200.000,,,,,,,,,,,,,,,,
2020-08-31 14:55:19 - 2020-08-31 15:15:19,101.000,Functional Strength Training (Indoor),,1200.000,,,,,,,,,,,,,,,,
2020-09-01 08:05:56 - 2020-09-01 08:48:47,254.655,Walking,3.001,2571.518,6.562,603.792,590.313,0.500,0.500,0.000,0.000,0.000,105.589,118.363,7.163,,,,74.000,71.000
2020-09-04 11:35:54 - 2020-09-04 11:55:54,101.000,Functional Strength Training (Indoor),,1200.000,,,,0.600,0.033,0.367,0.000,0.000,115.567,148.000,,,,,,
2020-09-05 09:14:41 - 2020-09-05 09:25:41,40.000,Yoga (Indoor),,660.000,,,,1.000,0.000,0.000,0.000,0.000,87.000,87.000,,,,,,
2020-09-05 09:58:30 - 2020-09-05 10:32:57,148.761,Walking,1.854,2066.265,18.832,602.836,585.506,1.000,0.000,0.000,0.000,0.000,93.644,100.395,5.323,,,,49.000,75.000
2020-09-06 09:42:31 - 2020-09-06 09:51:00,32.000,Yoga (Indoor),,509.000,,,,1.000,0.000,0.000,0.000,0.000,75.000,75.000,,,,,,
2020-09-06 11:30:23 - 2020-09-06 11:44:41,207.313,Running,2.021,858.631,111.089,903.281,843.499,0.000,0.000,0.000,0.500,0.500,176.140,184.062,13.995,,,,83.000,67.000
2020-09-06 11:52:02 - 2020-09-06 12:02:02,25.000,Preparation and Recovery (Indoor),,600.000,,,,1.000,0.000,0.000,0.000,0.000,103.500,107.000,,,,,,
2020-09-06 12:04:24 - 2020-09-06 12:14:24,51.000,Functional Strength Training (Indoor),,600.000,,,,1.000,0.000,0.000,0.000,0.000,114.000,114.000,,,,,,
2020-09-07 08:56:13 - 2020-09-07 09:16:13,75.000,Yoga (Indoor),,1200.000,,,,1.000,0.000,0.000,0.000,0.000,88.667,92.000,,,,,,
2020-09-08 13:19:25 - 2020-09-08 13:49:25,214.000,Cycling (Indoor),6.260,1800.000,,,,0.333,0.000,0.667,0.000,0.000,127.230,145.043,,12.500,25.600,,,
2020-09-08 13:21:28 - 2020-09-08 13:50:43,296.837,Cycling (Indoor),,1754.887,,,,0.000,0.000,1.000,0.000,0.000,144.679,147.345,10.162,,,,96.000,61.000
2020-09-09 06:41:04 - 2020-09-09 06:51:04,38.000,Yoga (Indoor),,600.000,,,,1.000,0.000,0.000,0.000,0.000,72.500,82.000,,,,,,
2020-09-09 16:22:56 - 2020-09-09 16:27:50,35.867,Rowing,,294.217,,,,0.042,0.520,0.438,0.000,0.000,134.271,147.000,7.749,,,,90.000,63.000
2020-09-09 17:22:10 - 2020-09-09 17:48:01,60.650,Cycling,3.112,1550.260,31.726,625.297,582.569,0.333,0.000,0.667,0.000,0.000,131.543,142.248,4.213,,,,85.000,65.000
2020-09-10 15:55:34 - 2020-09-10 16:29:54,138.411,Walking,1.762,2060.416,180.052,625.046,578.764,1.000,0.000,0.000,0.000,0.000,89.162,100.005,4.862,,,,76.000,63.000
2020-09-11 07:32:07 - 2020-09-11 07:42:42,50.415,Walking,0.666,634.795,,597.179,590.623,1.000,0.000,0.000,0.000,0.000,100.400,105.000,,,,,92.000,61.000
2020-09-11 08:28:54 - 2020-09-11 08:47:18,71.761,Cycling,3.048,1103.865,,608.966,583.131,0.000,0.000,1.000,0.000,0.000,137.479,137.679,4.957,,,,91.000,61.000
2020-09-11 17:00:10 - 2020-09-11 17:05:18,33.615,Rowing,,307.884,,,,0.000,0.000,1.000,0.000,0.000,136.894,136.894,7.125,,,,77.000,67.000
2020-09-11 17:56:33 - 2020-09-11 18:17:29,56.121,Cycling,2.997,1256.504,20.735,608.297,591.815,0.000,0.500,0.500,0.000,0.000,136.874,141.463,4.063,,,,79.000,67.000
2020-09-11 18:27:37 - 2020-09-11 18:55:42,123.935,Walking,1.411,1685.366,180.709,603.662,554.932,1.000,0.000,0.000,0.000,0.000,100.201,102.937,5.145,,,,80.000,66.000
2020-09-11 19:02:11 - 2020-09-11 19:38:01,133.989,Walking,1.546,2150.091,8.661,617.986,586.785,1.000,0.000,0.000,0.000,0.000,94.594,98.000,4.854,,,,79.000,67.000
2020-09-12 13:27:37 - 2020-09-12 17:18:05,131.676,Walking,1.443,1641.395,30.610,607.712,593.592,0.571,0.429,0.000,0.000,0.000,98.369,123.491,6.076,,,,99.000,67.000
2020-09-13 14:37:48 - 2020-09-13 14:55:47,79.000,Functional Strength Training (Indoor),,1079.000,,,,0.333,0.334,0.333,0.000,0.000,127.333,150.000,,,,,,
2020-09-14 19:16:40 - 2020-09-14 19:34:35,71.001,Cycling,2.937,1074.401,28.412,612.459,585.317,0.000,0.500,0.500,0.000,0.000,132.702,135.947,5.381,,,,69.000,68.000
2020-09-15 08:11:07 - 2020-09-15 08:24:19,60.309,Cycling,2.043,792.060,32.677,606.121,578.592,0.000,1.000,0.000,0.000,0.000,124.384,133.288,5.641,,,,84.000,61.000
2020-09-15 11:48:02 - 2020-09-15 12:10:35,228.970,Cycling (Indoor),,1352.926,,,,0.000,0.667,0.333,0.000,0.000,136.392,151.245,10.199,,,,59.000,72.000
2020-09-15 11:48:36 - 2020-09-15 12:08:36,186.000,Cycling (Indoor),5.570,1200.000,,,,0.000,0.000,1.000,0.000,0.000,151.245,151.245,,16.800,25.900,,,
2020-09-16 08:15:06 - 2020-09-16 08:32:58,62.346,Cycling,2.772,1072.201,7.644,602.271,583.139,0.000,1.000,0.000,0.000,0.000,117.980,118.055,4.638,,,,74.000,63.000
2020-09-16 16:15:38 - 2020-09-16 16:22:42,44.421,Rowing,,423.324,,,,0.000,0.000,1.000,0.000,0.000,139.866,139.866,6.872,,,,50.000,83.000
2020-09-16 17:54:51 - 2020-09-16 18:11:29,104.064,Cycling,3.121,953.855,40.420,621.821,556.105,0.000,0.000,1.000,0.000,0.000,151.319,153.557,7.714,,,,50.000,82.000
2020-09-16 19:31:07 - 2020-09-16 19:36:37,42.998,Cycling,1.251,330.116,,601.704,552.887,0.000,0.000,0.000,1.000,0.000,164.277,164.277,8.409,,,,64.000,76.000
2020-09-17 19:04:04 - 2020-09-17 19:20:07,61.378,Cycling,2.840,963.122,13.386,604.476,567.574,0.000,0.500,0.500,0.000,0.000,130.778,141.341,4.886,,,,57.000,62.000
2020-09-18 15:24:09 - 2020-09-18 15:29:13,31.065,Rowing,,304.588,,,,0.000,0.000,1.000,0.000,0.000,147.674,147.674,6.730,,,,46.000,60.000
2020-09-18 16:50:01 - 2020-09-18 17:08:09,62.625,Cycling,2.801,1087.973,27.198,,,0.000,0.000,1.000,0.000,0.000,140.559,142.446,5.200,,,,48.000,58.000
2020-09-21 17:43:11 - 2020-09-21 17:50:14,46.066,Rowing,,423.430,,,,0.000,1.000,0.000,0.000,0.000,134.305,134.305,7.092,,,,,
2020-09-21 18:52:16 - 2020-09-21 19:02:16,124.000,Running (Indoor),1.040,600.000,,,,1.000,0.000,0.000,0.000,0.000,94.000,94.000,,6.200,8.000,,,
2020-09-21 18:54:49 - 2020-09-21 19:04:13,108.857,Running (Indoor),0.974,564.504,,,,0.000,1.000,0.000,0.000,0.000,134.679,134.679,10.285,,,,57.000,66.200
2020-09-22 07:26:55 - 2020-09-22 07:46:55,74.000,Yoga (Indoor),,1200.000,,,,1.000,0.000,0.000,0.000,0.000,79.250,90.000,,,,,,
2020-09-22 08:12:22 - 2020-09-22 08:26:32,68.557,Cycling,2.726,850.704,,,,0.000,0.000,1.000,0.000,0.000,142.154,144.268,5.844,,,,69.000,59.000
2020-09-22 18:19:04 - 2020-09-22 18:26:08,47.656,Rowing,,424.524,,,,0.000,0.000,0.000,1.000,0.000,156.662,156.662,7.278,,,,50.000,75.200
2020-09-22 18:28:19 - 2020-09-22 18:38:19,51.000,Functional Strength Training (Indoor),,600.000,,,,0.933,0.067,0.000,0.000,0.000,106.733,116.000,,,,,,
2020-09-22 18:45:38 - 2020-09-22 19:04:14,77.161,Cycling,2.954,1115.426,35.269,,,0.000,1.000,0.000,0.000,0.000,129.017,131.488,6.208,,,,52.000,73.400
2020-09-23 08:31:44 - 2020-09-23 08:42:15,72.262,Cycling,2.118,631.502,40.420,,,0.000,0.000,1.000,0.000,0.000,142.577,142.577,7.985,,,,77.000,64.400
2020-09-23 18:55:51 - 2020-09-23 19:12:00,100.101,Cycling,2.062,968.999,54.068,,,0.000,1.000,0.000,0.000,0.000,123.429,131.591,7.244,,,,56.000,73.400
2020-09-24 18:12:43 - 2020-09-24 18:32:22,59.176,Cycling,3.011,1179.588,27.822,,,0.000,1.000,0.000,0.000,0.000,124.672,131.157,5.002,,,,50.000,75.200
2020-09-25 08:00:52 - 2020-09-25 08:15:20,76.802,Cycling,2.751,867.572,,,,0.000,0.000,1.000,0.000,0.000,138.537,138.674,6.344,,,,,
2020-09-25 16:44:21 - 2020-09-25 16:48:08,23.018,Rowing,,226.778,,,,0.025,0.575,0.400,0.000,0.000,131.025,141.000,6.719,,,,43.000,78.800
2020-09-26 11:58:07 - 2020-09-26 12:08:12,39.684,Walking,0.550,605.008,,,,1.000,0.000,0.000,0.000,0.000,103.556,109.000,,,,,,
2020-09-27 09:47:41 - 2020-09-27 09:57:41,25.000,Preparation and Recovery (Indoor),,600.000,,,,1.000,0.000,0.000,0.000,0.000,68.000,73.000,,,,,,
2020-09-27 10:02:59 - 2020-09-27 10:22:59,72.000,Yoga (Indoor),,1200.000,,,,1.000,0.000,0.000,0.000,0.000,89.365,105.000,,,,,,
2020-09-27 10:27:08 - 2020-09-27 10:47:37,101.000,Functional Strength Training (Indoor),,1229.000,,,,0.800,0.200,0.000,0.000,0.000,106.200,121.000,,,,,,
2020-09-30 17:39:27 - 2020-09-30 18:09:57,152.000,Functional Strength Training (Indoor),,1830.000,,,,0.000,0.333,0.334,0.333,0.000,145.480,163.400,,,,,,
2020-09-30 17:39:40 - 2020-09-30 18:10:00,315.018,HIIT,,1819.201,,,,0.000,0.333,0.334,0.333,0.000,145.480,163.400,10.354,,,,,
2020-10-05 08:26:44 - 2020-10-05 08:38:44,52.487,Cycling,1.841,720.487,31.135,,,0.000,1.000,0.000,0.000,0.000,132.260,132.260,5.534,,,,,
2020-10-06 08:38:39 - 2020-10-06 08:53:05,73.182,Cycling,2.087,865.809,40.354,,,0.000,0.500,0.000,0.500,0.000,144.260,158.622,6.534,,,,64.000,51.800
2020-10-06 17:45:17 - 2020-10-06 17:52:26,62.036,Rowing,,428.565,,,,0.000,0.000,1.000,0.000,0.000,143.014,143.014,8.929,,,,38.000,71.600
2020-10-06 18:19:20 - 2020-10-06 18:20:59,9.000,Running (Indoor),0.080,99.000,,,,0.000,0.000,1.000,0.000,0.000,143.000,143.000,,1.700,5.600,,,
2020-10-06 18:19:48 - 2020-10-06 18:21:06,11.882,Running (Indoor),0.058,78.695,,,,0.000,0.000,1.000,0.000,0.000,144.000,145.000,10.275,,,,36.000,71.600
2020-10-06 18:22:40 - 2020-10-06 18:31:09,103.379,Running (Indoor),1.004,508.480,,,,0.000,0.000,0.000,1.000,0.000,172.903,172.903,11.933,,,,36.000,71.600
2020-10-06 18:22:53 - 2020-10-06 18:29:52,100.000,Running (Indoor),0.850,419.000,,,,,,,,,,,,7.200,8.000,,,
2020-10-07 18:29:38 - 2020-10-07 18:37:58,68.970,Cycling,1.796,499.421,25.623,,,0.000,0.000,1.000,0.000,0.000,143.084,143.084,8.685,,,,34.000,69.800
2020-10-08 08:16:37 - 2020-10-08 08:25:28,61.175,Cycling,1.805,530.860,34.974,,,0.000,0.000,1.000,0.000,0.000,142.792,142.792,7.663,,,,73.000,53.600
2020-10-10 17:29:15 - 2020-10-10 18:14:15,228.000,Functional Strength Training (Indoor),,2700.000,,,,1.000,0.000,0.000,0.000,0.000,95.000,114.000,,,,,,
2020-10-11 13:50:33 - 2020-10-11 14:20:33,152.000,Functional Strength Training (Indoor),,1800.000,,,,0.667,0.333,0.000,0.000,0.000,107.333,123.000,,,,,,
2020-10-11 14:30:57 - 2020-10-11 14:50:57,101.000,Functional Strength Training (Indoor),,1200.000,,,,0.500,0.500,0.000,0.000,0.000,114.250,126.000,,,,,,
2020-10-12 07:18:38 - 2020-10-12 07:27:03,64.686,Cycling,1.651,504.983,46.161,,,0.000,0.000,0.000,1.000,0.000,159.738,159.738,8.251,,,,89.000,60.800
2020-10-12 07:43:59 - 2020-10-12 07:54:06,81.804,Rowing,,606.994,,,,0.000,0.000,1.000,0.000,0.000,138.471,138.471,8.398,,,,91.000,60.800
2020-10-12 19:04:55 - 2020-10-12 19:12:56,65.467,Cycling,1.775,480.595,26.673,,,0.000,0.000,0.000,1.000,0.000,162.750,162.750,8.618,,,,72.000,55.400
2020-10-13 07:39:47 - 2020-10-13 07:48:33,56.274,Cycling,1.815,526.009,38.091,,,0.000,0.000,1.000,0.000,0.000,152.145,152.145,7.022,,,,,
2020-10-13 18:37:44 - 2020-10-13 18:42:50,47.780,Rowing,,306.223,,,,0.000,1.000,0.000,0.000,0.000,125.516,125.516,9.611,,,,34.000,66.200
2020-10-14 17:57:52 - 2020-10-14 18:12:19,142.483,HIIT,,867.179,,,,0.000,0.500,0.500,0.000,0.000,135.938,152.557,9.899,,,,30.000,71.600
2020-10-15 18:30:53 - 2020-10-15 18:41:00,87.460,Rowing,,606.501,,,,0.000,0.000,0.000,1.000,0.000,156.808,156.808,8.888,,,,36.000,51.800
2020-10-15 19:21:00 - 2020-10-15 19:34:24,80.612,Cycling,2.054,804.050,156.955,,,0.000,0.500,0.000,0.500,0.000,147.775,161.751,6.610,,,,35.000,51.800
2020-10-17 10:55:06 - 2020-10-17 11:26:06,152.000,Functional Strength Training (Indoor),,1860.000,,,,0.000,1.000,0.000,0.000,0.000,122.000,122.000,,,,,,
2020-10-17 11:32:49 - 2020-10-17 11:42:49,51.000,Functional Strength Training (Indoor),,600.000,,,,0.000,1.000,0.000,0.000,0.000,122.500,123.000,,,,,,
2020-10-19 08:21:56 - 2020-10-19 08:30:49,58.288,Cycling,1.808,533.453,27.493,,,0.000,0.000,1.000,0.000,0.000,138.192,138.192,7.182,,,,,
2020-10-19 12:03:50 - 2020-10-19 12:33:50,295.000,Cycling (Indoor),8.610,1800.000,,,,0.334,0.000,0.333,0.333,0.000,127.261,157.577,,17.300,24.000,,,
2020-10-19 12:03:57 - 2020-10-19 12:34:46,323.278,Cycling (Indoor),,1849.024,,,,0.000,0.000,0.333,0.667,0.000,152.449,159.565,10.457,,,,61.000,51.800
2020-10-19 17:18:02 - 2020-10-19 17:33:05,134.497,Rowing,,902.776,,,,0.000,0.000,1.000,0.000,0.000,141.609,141.609,9.126,,,,87.000,42.800
2020-10-19 18:28:30 - 2020-10-19 18:39:39,66.022,Cycling,1.918,669.676,28.871,,,0.000,0.000,1.000,0.000,0.000,145.018,145.018,6.615,,,,91.000,41.000
2020-10-20 08:32:43 - 2020-10-20 08:41:28,58.845,Cycling,1.809,524.566,42.881,,,0.000,0.000,1.000,0.000,0.000,147.215,147.215,7.395,,,,74.000,46.400
2020-10-20 17:55:06 - 2020-10-20 18:05:09,102.008,Rowing,,603.021,,,,0.000,1.000,0.000,0.000,0.000,131.494,131.494,10.193,,,,68.000,51.800
2020-10-20 18:41:26 - 2020-10-20 18:47:33,85.995,Running (Indoor),0.868,367.538,,,,0.000,0.000,0.000,1.000,0.000,173.140,173.140,13.678,,,,73.000,51.800
2020-10-20 19:08:49 - 2020-10-20 19:16:52,73.595,Cycling,1.905,482.957,21.260,,,0.000,0.000,0.000,1.000,0.000,158.477,158.477,9.408,,,,77.000,53.600
2020-10-21 08:31:54 - 2020-10-21 08:52:14,80.817,Yoga,,1220.156,,,,1.000,0.000,0.000,0.000,0.000,84.202,85.104,4.426,,,,84.000,46.400
2020-10-21 08:32:12 - 2020-10-21 08:52:12,71.000,Yoga (Indoor),,1200.000,,,,,,,,,,,,,,,,
2020-10-21 14:00:58 - 2020-10-21 14:22:21,152.876,Walking (Indoor),1.020,1283.830,,,,0.000,0.333,0.667,0.000,0.000,135.064,143.832,7.533,,,,57.000,55.400
2020-10-21 17:26:21 - 2020-10-21 17:46:47,102.351,Functional Strength Training,,1226.118,,,,0.000,1.000,0.000,0.000,0.000,120.490,124.440,5.755,,,,,
2020-10-21 17:27:05 - 2020-10-21 17:47:05,101.000,Functional Strength Training (Indoor),,1200.000,,,,0.000,0.250,0.750,0.000,0.000,143.610,152.000,,,,,,
2020-10-21 17:49:54 - 2020-10-21 18:00:19,65.055,Functional Strength Training,,625.020,,,,0.000,1.000,0.000,0.000,0.000,124.778,124.778,6.774,,,,73.000,51.800
2020-10-21 17:50:40 - 2020-10-21 18:00:40,51.000,Functional Strength Training (Indoor),,600.000,,,,0.000,1.000,0.000,0.000,0.000,118.750,123.000,,,,,,
2020-10-22 17:16:21 - 2020-10-22 17:26:27,94.710,Rowing,,605.593,,,,0.000,1.000,0.000,0.000,0.000,127.150,127.150,9.526,,,,60.000,75.200
2020-10-22 17:32:40 - 2020-10-22 18:34:20,412.573,Functional Strength Training,,3699.264,,,,0.167,0.500,0.333,0.000,0.000,130.327,141.841,7.126,,,,59.000,75.200
2020-10-22 19:00:40 - 2020-10-22 19:10:23,55.978,Cycling,1.814,582.912,29.626,,,0.000,0.000,1.000,0.000,0.000,137.580,137.580,6.573,,,,,
2020-10-23 08:17:43 - 2020-10-23 08:23:30,63.932,Cycling,1.663,346.736,28.871,,,0.000,1.000,0.000,0.000,0.000,128.549,128.549,11.256,,,,81.000,64.400
2020-10-23 17:24:01 - 2020-10-23 17:30:59,91.325,Cycling,1.792,418.265,49.836,,,0.000,0.000,1.000,0.000,0.000,150.534,150.534,12.870,,,,89.000,42.800
2020-10-26 08:08:20 - 2020-10-26 08:16:16,66.237,Cycling,1.801,475.674,49.803,,,0.000,0.000,1.000,0.000,0.000,144.313,144.313,8.766,,,,92.000,35.600
2020-10-26 08:31:31 - 2020-10-26 08:39:29,66.536,Rowing,,428.700,,,,0.000,1.000,0.000,0.000,0.000,132.620,132.620,9.543,,,,91.000,35.600
2020-10-26 12:20:44 - 2020-10-26 12:40:44,181.089,Walking (Indoor),1.013,1199.978,,,,0.000,0.000,1.000,0.000,0.000,139.983,140.210,9.248,,,,96.000,33.800
2020-10-26 17:57:36 - 2020-10-26 18:02:40,53.879,HIIT,,304.218,,,,0.000,0.000,0.125,0.125,0.750,177.375,189.000,10.686,,,,77.000,35.600
2020-10-26 18:05:33 - 2020-10-26 19:05:52,483.560,Traditional Strength Training,,3618.872,,,,0.000,0.800,0.200,0.000,0.000,132.105,135.119,7.804,,,,77.000,37.400
2020-10-26 19:17:52 - 2020-10-26 19:26:25,68.752,Cycling,1.792,512.693,34.285,,,0.000,0.000,1.000,0.000,0.000,153.372,153.372,8.409,,,,77.000,35.600
2020-10-27 08:16:14 - 2020-10-27 08:25:07,61.711,Cycling,1.807,533.708,35.466,,,0.000,0.000,1.000,0.000,0.000,145.083,145.083,7.632,,,,90.000,33.800
2020-10-27 16:23:41 - 2020-10-27 16:30:44,67.214,Rowing,,423.040,,,,0.000,0.000,1.000,0.000,0.000,138.195,138.195,9.683,,,,81.000,35.600
2020-10-27 16:34:20 - 2020-10-27 16:54:55,118.208,Yoga,,1234.134,,,,0.500,0.500,0.000,0.000,0.000,109.054,116.274,6.180,,,,81.000,35.600
2020-10-27 16:34:47 - 2020-10-27 16:54:47,74.000,Yoga (Indoor),,1200.000,,,,,,,,,,,,,,,,
2020-10-27 17:00:44 - 2020-10-27 17:21:37,33.042,Functional Strength Training,,1252.579,,,,1.000,0.000,0.000,0.000,0.000,80.644,87.308,2.497,,,,79.000,35.600
2020-10-27 17:01:02 - 2020-10-27 17:02:02,5.000,Functional Strength Training (Indoor),,60.000,,,,,,,,,,,,,,,,
2020-10-27 18:24:38 - 2020-10-27 18:34:12,63.539,Cycling,1.809,574.028,39.469,,,0.000,0.000,1.000,0.000,0.000,141.827,141.827,7.228,,,,81.000,35.600
2020-10-28 18:33:15 - 2020-10-28 18:34:17,7.931,Rowing,,61.798,,,,0.000,0.200,0.700,0.100,0.000,139.100,158.000,8.559,,,,53.000,46.400
2020-10-29 08:21:27 - 2020-10-29 08:30:28,64.054,Cycling,1.800,541.173,42.192,,,0.000,0.000,1.000,0.000,0.000,145.173,145.173,7.690,,,,84.000,46.400
2020-10-29 17:13:00 - 2020-10-29 17:23:10,85.450,Rowing,,609.894,,,,1.000,0.000,0.000,0.000,0.000,113.820,113.820,8.722,,,,77.000,41.000
2020-10-29 17:24:43 - 2020-10-29 18:10:29,407.629,HIIT,,2746.140,,,,0.000,0.500,0.500,0.000,0.000,136.458,148.715,9.063,,,,76.000,41.000
2020-10-29 17:25:05 - 2020-10-29 18:10:35,228.000,Functional Strength Training (Indoor),,2730.000,,,,0.000,0.200,0.400,0.400,0.000,151.090,165.000,,,,,,
2020-10-29 18:58:48 - 2020-10-29 19:08:56,67.681,Cycling,1.798,608.387,37.762,,,0.000,0.000,1.000,0.000,0.000,151.455,151.455,7.232,,,,74.000,39.200
2020-10-30 12:47:15 - 2020-10-30 13:10:59,195.574,Walking (Indoor),1.257,1424.104,,,,0.000,0.333,0.667,0.000,0.000,135.983,147.376,8.496,,,,54.000,37.400
2020-10-30 17:17:06 - 2020-10-30 17:37:14,116.691,Yoga,,1208.719,,,,1.000,0.000,0.000,0.000,0.000,106.054,107.626,6.425,,,,57.000,37.400
2020-10-30 17:17:22 - 2020-10-30 17:37:22,69.000,Yoga (Indoor),,1200.000,,,,1.000,0.000,0.000,0.000,0.000,93.741,104.482,,,,,,
2020-10-31 10:07:21 - 2020-10-31 10:27:51,167.343,Functional Strength Training,,1229.818,,,,0.000,0.500,0.000,0.500,0.000,149.064,163.659,8.395,,,,65.000,42.800
2020-10-31 10:08:09 - 2020-10-31 10:28:09,101.000,Functional Strength Training (Indoor),,1200.000,,,,0.000,0.000,0.000,1.000,0.000,167.220,170.000,,,,,,
2020-10-31 10:53:24 - 2020-10-31 11:58:15,239.205,Walking,2.646,3890.246,215.059,,,1.000,0.000,0.000,0.000,0.000,92.264,100.640,4.433,,,,60.000,44.600
2020-11-01 09:04:19 - 2020-11-01 09:34:36,121.810,Yoga,,1817.269,,,,1.000,0.000,0.000,0.000,0.000,87.640,97.370,4.027,,,,49.000,33.800
2020-11-01 09:04:24 - 2020-11-01 09:34:24,107.000,Yoga (Indoor),,1800.000,,,,1.000,0.000,0.000,0.000,0.000,97.370,97.370,,,,,,
2020-11-02 07:36:06 - 2020-11-02 08:08:25,166.052,Walking,2.080,1938.646,73.031,,,1.000,0.000,0.000,0.000,0.000,104.948,107.951,5.790,,,,64.000,26.600
2020-11-02 08:22:16 - 2020-11-02 08:32:32,41.973,Yoga,,616.110,,,,1.000,0.000,0.000,0.000,0.000,104.354,104.354,2.922,,,,55.000,30.200
2020-11-02 08:22:42 - 2020-11-02 08:32:42,38.000,Yoga (Indoor),,600.000,,,,1.000,0.000,0.000,0.000,0.000,105.677,107.000,,,,,,
2020-11-02 08:32:56 - 2020-11-02 08:36:41,26.026,Functional Strength Training,,225.585,,,,0.107,0.000,0.321,0.572,0.000,151.214,170.000,7.529,,,,50.000,33.800
2020-11-02 17:35:35 - 2020-11-02 17:46:41,66.469,Traditional Strength Training,,665.582,,,,0.000,1.000,0.000,0.000,0.000,119.894,119.894,5.314,,,,40.000,46.400
2020-11-02 17:48:15 - 2020-11-02 18:18:20,293.358,HIIT,,1804.426,,,,0.000,0.333,0.333,0.334,0.000,146.652,155.593,9.807,,,,40.000,46.400
2020-11-02 17:48:41 - 2020-11-02 18:18:41,152.000,Functional Strength Training (Indoor),,1800.000,,,,0.000,0.000,0.167,0.833,0.000,161.084,175.000,,,,,,
2020-11-02 18:22:15 - 2020-11-02 18:37:50,158.795,Walking (Indoor),0.809,935.792,,,,0.000,0.000,1.000,0.000,0.000,151.843,151.915,10.239,,,,,
2020-11-02 19:15:40 - 2020-11-02 19:32:29,91.039,Yoga,,1009.278,,,,1.000,0.000,0.000,0.000,0.000,105.176,113.557,5.869,,,,46.000,44.600
2020-11-03 09:03:51 - 2020-11-03 09:13:51,43.663,Yoga,,600.685,,,,1.000,0.000,0.000,0.000,0.000,87.074,87.074,5.050,,,,55.000,48.200
2020-11-03 09:04:19 - 2020-11-03 09:14:19,40.000,Yoga (Indoor),,600.000,,,,1.000,0.000,0.000,0.000,0.000,91.500,97.000,,,,,,
2020-11-03 17:50:19 - 2020-11-03 18:20:19,248.820,Walking (Indoor),1.563,1800.341,,,,0.000,0.333,0.667,0.000,0.000,141.598,149.753,8.557,,,,40.000,60.800
2020-11-03 18:26:08 - 2020-11-03 18:46:29,68.994,Functional Strength Training,,1220.918,,,,1.000,0.000,0.000,0.000,0.000,101.070,105.567,4.235,,,,43.000,60.800
2020-11-03 18:26:33 - 2020-11-03 18:46:33,101.000,Functional Strength Training (Indoor),,1200.000,,,,1.000,0.000,0.000,0.000,0.000,105.567,105.567,,,,,,
2020-11-03 19:28:06 - 2020-11-03 20:02:34,222.519,Yoga,,2068.520,,,,0.000,0.500,0.500,0.000,0.000,136.405,147.611,8.581,,,,44.000,59.000
2020-11-04 17:52:49 - 2020-11-04 18:06:36,139.451,Walking (Indoor),0.816,826.444,,,,0.000,0.000,0.500,0.500,0.000,161.662,170.011,10.151,,,,44.000,64.400
2020-11-04 18:07:52 - 2020-11-04 18:11:33,22.292,Functional Strength Training,,220.626,,,,0.079,0.473,0.395,0.053,0.000,131.974,157.000,6.753,,,,43.000,66.200
2020-11-04 18:12:36 - 2020-11-04 18:33:54,132.730,Yoga,,1278.501,,,,0.500,0.000,0.500,0.000,0.000,131.627,148.458,8.420,,,,45.000,64.400
2020-11-05 12:36:54 - 2020-11-05 13:13:05,215.800,Walking,2.235,2171.147,79.364,,,1.000,0.000,0.000,0.000,0.000,107.987,111.583,6.464,,,,43.000,69.800
2020-11-05 17:07:23 - 2020-11-05 17:52:33,494.308,HIIT,,2710.811,,,,0.000,0.000,0.200,0.600,0.200,160.539,176.670,10.755,,,,49.000,66.200
2020-11-05 17:07:51 - 2020-11-05 17:52:51,228.000,Functional Strength Training (Indoor),,2700.000,,,,0.000,0.000,0.000,0.571,0.429,171.635,186.000,,,,,,
2020-11-05 18:01:03 - 2020-11-05 18:16:22,98.582,Yoga,,918.284,,,,0.000,1.000,0.000,0.000,0.000,121.371,124.062,7.630,,,,54.000,62.600
2020-11-06 08:36:05 - 2020-11-06 08:43:12,73.120,Cycling,1.805,427.631,30.741,,,0.000,1.000,0.000,0.000,0.000,132.443,132.443,10.588,,,,70.000,55.400
2020-11-06 17:40:24 - 2020-11-06 17:49:57,69.671,Cycling,1.794,572.214,30.282,,,0.000,1.000,0.000,0.000,0.000,133.740,133.740,7.716,,,,49.000,69.800
2020-11-07 13:01:54 - 2020-11-07 13:12:21,57.088,Yoga,,626.884,,,,1.000,0.000,0.000,0.000,0.000,98.276,98.276,5.961,,,,,
2020-11-07 13:02:39 - 2020-11-07 13:12:39,36.000,Yoga (Indoor),,600.000,,,,1.000,0.000,0.000,0.000,0.000,95.333,107.000,,,,,,
2020-11-08 20:50:22 - 2020-11-08 21:14:49,106.339,Yoga,,1467.124,,,,1.000,0.000,0.000,0.000,0.000,87.415,91.758,4.858,,,,69.000,68.000
2020-11-09 07:46:26 - 2020-11-09 08:20:52,154.473,Walking,2.100,2065.384,77.100,,,1.000,0.000,0.000,0.000,0.000,91.849,92.478,5.186,,,,72.000,64.400
2020-11-09 10:38:46 - 2020-11-09 10:59:32,76.645,Yoga,,1246.627,,,,1.000,0.000,0.000,0.000,0.000,82.018,85.642,3.642,,,,62.000,73.400
2020-11-09 10:39:19 - 2020-11-09 10:59:19,76.000,Yoga (Indoor),,1200.000,,,,,,,,,,,,,,,,
2020-11-09 18:49:46 - 2020-11-09 19:19:54,279.971,HIIT,,1808.500,,,,0.000,0.333,0.334,0.333,0.000,140.517,157.124,9.340,,,,64.000,71.600
2020-11-09 18:50:04 - 2020-11-09 19:20:04,152.000,Functional Strength Training (Indoor),,1800.000,,,,0.000,0.000,0.500,0.500,0.000,151.893,157.124,,,,,,
2020-11-10 08:31:19 - 2020-11-10 08:39:14,76.228,Cycling,1.849,475.239,43.635,,,0.000,0.000,1.000,0.000,0.000,137.955,137.955,9.570,,,,74.000,66.200
2020-11-10 16:41:26 - 2020-11-10 16:44:41,29.063,Rowing,,194.610,,,,0.320,0.680,0.000,0.000,0.000,116.720,130.000,9.217,,,,68.000,69.800
2020-11-10 17:14:44 - 2020-11-10 17:21:47,73.503,Cycling,1.782,423.094,38.222,,,0.000,0.000,1.000,0.000,0.000,151.342,151.342,10.503,,,,64.000,69.800
2020-11-11 07:43:01 - 2020-11-11 07:52:17,63.874,Cycling,1.813,556.396,40.945,,,0.000,0.000,1.000,0.000,0.000,149.069,149.069,7.449,,,,73.000,35.600
2020-11-11 14:14:36 - 2020-11-11 14:34:00,184.889,Walking (Indoor),1.006,1163.882,,,,0.000,0.000,1.000,0.000,0.000,142.396,143.088,9.540,,,,52.000,44.600
2020-11-11 14:35:41 - 2020-11-11 14:45:51,40.674,Functional Strength Training,,610.174,,,,1.000,0.000,0.000,0.000,0.000,104.485,104.485,4.755,,,,52.000,44.600
2020-11-11 14:36:09 - 2020-11-11 14:46:09,51.000,Functional Strength Training (Indoor),,600.000,,,,1.000,0.000,0.000,0.000,0.000,103.667,109.000,,,,,,
2020-11-11 16:37:22 - 2020-11-11 16:42:23,47.268,HIIT,,300.533,,,,0.000,0.000,1.000,0.000,0.000,149.921,149.921,9.581,,,,59.000,42.800
2020-11-11 16:46:02 - 2020-11-11 17:32:23,440.698,Traditional Strength Training,,2780.199,,,,0.000,0.000,1.000,0.000,0.000,142.212,149.419,9.480,,,,60.000,42.800
2020-11-11 19:00:17 - 2020-11-11 19:07:59,68.969,Cycling,1.787,461.615,27.986,,,0.000,0.000,0.000,1.000,0.000,162.899,162.899,9.165,,,,67.000,41.000
2020-11-12 07:53:29 - 2020-11-12 08:03:55,51.334,Cycling,1.819,626.376,34.744,,,0.000,0.000,1.000,0.000,0.000,141.513,141.513,5.814,,,,77.000,39.200
2020-11-12 18:40:06 - 2020-11-12 18:49:31,68.348,Cycling,1.794,564.657,33.793,,,0.000,1.000,0.000,0.000,0.000,133.313,133.313,7.877,,,,55.000,46.400
2020-11-13 07:59:23 - 2020-11-13 08:08:57,53.589,Cycling,1.842,573.578,40.190,,,0.000,0.000,1.000,0.000,0.000,135.708,135.708,6.386,,,,68.000,33.800
2020-11-13 19:42:24 - 2020-11-13 20:14:39,108.774,Cycling,2.734,1934.389,230.217,,,0.750,0.000,0.250,0.000,0.000,101.171,142.397,,,,,,
2020-11-14 11:07:35 - 2020-11-14 11:38:44,155.512,Yoga,,1868.982,,,,0.333,0.667,0.000,0.000,0.000,114.602,120.384,4.800,,,,,
2020-11-14 11:08:02 - 2020-11-14 11:38:32,111.000,Yoga (Indoor),,1830.000,,,,0.000,1.000,0.000,0.000,0.000,120.384,120.384,,,,,,
2020-11-15 11:05:45 - 2020-11-15 11:35:23,233.740,Walking (Indoor),1.831,1777.731,,,,0.667,0.000,0.333,0.000,0.000,123.096,145.131,8.127,,,,75.000,39.200
2020-11-15 11:42:50 - 2020-11-15 12:11:58,142.758,Yoga,,1748.317,,,,1.000,0.000,0.000,0.000,0.000,98.063,105.434,4.938,,,,69.000,39.200
2020-11-15 11:43:18 - 2020-11-15 12:03:48,69.000,Yoga (Indoor),,1230.000,,,,,,,,,,,,,,,,
2020-11-16 07:57:12 - 2020-11-16 08:07:15,59.238,Cycling,1.800,602.671,41.010,617.617,592.397,0.000,0.000,1.000,0.000,0.000,153.716,153.716,6.739,,,,72.000,32.000
2020-11-16 10:36:12 - 2020-11-16 10:46:27,50.034,Yoga,,614.994,,,,1.000,0.000,0.000,0.000,0.000,94.431,94.431,5.115,,,,53.000,37.400
2020-11-16 10:36:41 - 2020-11-16 10:46:41,37.000,Yoga (Indoor),,600.000,,,,1.000,0.000,0.000,0.000,0.000,79.500,82.000,,,,,,
2020-11-16 20:29:42 - 2020-11-16 20:38:50,61.225,Cycling,1.768,547.891,31.988,617.937,590.626,0.000,0.000,1.000,0.000,0.000,152.306,152.306,7.171,,,,61.000,42.800
2020-11-17 07:48:16 - 2020-11-17 07:57:05,64.263,Cycling,1.817,529.039,40.486,615.247,592.840,0.000,0.000,0.000,1.000,0.000,161.246,161.246,7.746,,,,63.000,28.400
2020-11-17 08:41:09 - 2020-11-17 08:50:19,63.842,Functional Strength Training,,550.448,,,,0.000,1.000,0.000,0.000,0.000,133.997,133.997,7.335,,,,59.000,28.400
2020-11-17 14:28:17 - 2020-11-17 14:33:19,50.258,HIIT,,301.934,,,,0.000,0.000,0.000,1.000,0.000,156.490,156.490,10.041,,,,39.000,41.000
2020-11-17 14:36:21 - 2020-11-17 15:26:17,420.340,Traditional Strength Training,,2996.062,,,,0.000,0.400,0.600,0.000,0.000,132.467,140.367,8.234,,,,40.000,39.200
2020-11-17 18:31:46 - 2020-11-17 18:41:32,72.590,Cycling,1.792,585.455,35.925,618.940,591.504,0.000,0.000,1.000,0.000,0.000,144.392,144.392,7.809,,,,51.000,37.400
2020-11-18 08:15:17 - 2020-11-18 08:25:31,47.140,Yoga,,614.174,,,,1.000,0.000,0.000,0.000,0.000,92.380,92.380,4.532,,,,55.000,37.400
2020-11-18 08:15:45 - 2020-11-18 08:25:45,38.000,Yoga (Indoor),,600.000,,,,1.000,0.000,0.000,0.000,0.000,98.333,100.000,,,,,,
2020-11-18 11:29:17 - 2020-11-18 12:22:01,220.226,Walking,2.867,3163.659,95.144,878.985,845.401,1.000,0.000,0.000,0.000,0.000,91.869,95.688,4.923,,,,32.000,46.400
2020-11-18 17:05:51 - 2020-11-18 17:50:43,470.488,HIIT,,2691.499,,,,0.000,0.200,0.000,0.800,0.000,154.310,163.185,10.367,,,,39.000,46.400
2020-11-18 17:06:02 - 2020-11-18 17:51:02,228.000,Functional Strength Training (Indoor),,2700.000,,,,0.000,0.000,0.250,0.750,0.000,156.805,163.185,,,,,,
2020-11-18 20:49:04 - 2020-11-18 21:18:20,162.656,Yoga,,1756.233,,,,0.667,0.333,0.000,0.000,0.000,104.152,119.571,6.450,,,,41.000,44.600
2020-11-19 10:26:23 - 2020-11-19 10:57:23,201.052,Walking,2.083,1859.485,100.361,904.512,846.324,1.000,0.000,0.000,0.000,0.000,105.788,110.445,6.924,,,,38.000,57.200
2020-11-19 11:41:17 - 2020-11-19 12:02:13,98.045,Yoga,,1256.289,,,,1.000,0.000,0.000,0.000,0.000,100.506,106.545,4.603,,,,38.000,60.800
2020-11-19 11:41:46 - 2020-11-19 12:01:46,75.000,Yoga (Indoor),,1200.000,,,,,,,,,,,,,,,,
2020-11-19 12:06:56 - 2020-11-19 12:27:04,137.966,HIIT,,1208.252,,,,0.500,0.500,0.000,0.000,0.000,113.055,116.844,7.230,,,,38.000,60.800
2020-11-19 12:07:19 - 2020-11-19 12:27:19,101.000,Functional Strength Training (Indoor),,1200.000,,,,0.667,0.333,0.000,0.000,0.000,113.948,116.844,,,,,,
2020-11-20 08:21:11 - 2020-11-20 08:30:19,65.615,Cycling,1.815,547.607,40.912,615.629,592.726,0.000,0.000,1.000,0.000,0.000,154.010,154.010,8.078,,,,61.000,53.600
2020-11-20 11:42:59 - 2020-11-20 12:14:01,139.504,Yoga,,1861.087,,,,1.000,0.000,0.000,0.000,0.000,95.654,104.735,4.105,,,,45.000,60.800
2020-11-20 11:43:30 - 2020-11-20 12:13:30,112.000,Yoga (Indoor),,1800.000,,,,1.000,0.000,0.000,0.000,0.000,104.735,104.735,,,,,,
2020-11-20 18:01:50 - 2020-11-20 18:09:57,59.019,Cycling,1.780,486.700,26.673,615.147,585.385,0.000,0.000,0.000,1.000,0.000,161.214,161.214,7.704,,,,46.000,51.800
2020-11-21 17:03:26 - 2020-11-21 17:25:02,137.901,Functional Strength Training,,1295.725,,,,0.000,0.500,0.500,0.000,0.000,130.407,136.791,6.820,,,,,
2020-11-21 17:26:23 - 2020-11-21 17:46:08,144.745,Functional Strength Training,,1185.616,,,,0.000,0.000,1.000,0.000,0.000,146.166,154.357,7.717,,,,80.000,39.200
2020-11-21 17:26:49 - 2020-11-21 17:46:49,101.000,Functional Strength Training (Indoor),,1200.000,,,,0.000,0.000,0.625,0.375,0.000,155.920,167.000,,,,,,
2020-11-23 11:42:26 - 2020-11-23 12:31:16,211.895,Walking,2.500,2930.434,,604.366,593.919,1.000,0.000,0.000,0.000,0.000,88.914,96.952,5.021,,,,53.000,44.600
2020-11-23 13:42:13 - 2020-11-23 14:02:46,113.057,Yoga,,1233.056,,,,1.000,0.000,0.000,0.000,0.000,104.469,106.133,5.755,,,,50.000,42.800
2020-11-23 13:42:54 - 2020-11-23 14:02:54,71.000,Yoga (Indoor),,1200.000,,,,1.000,0.000,0.000,0.000,0.000,87.066,106.133,,,,,,
2020-11-23 16:24:26 - 2020-11-23 16:54:40,231.985,HIIT,,1813.603,,,,0.000,0.667,0.333,0.000,0.000,127.371,141.846,7.937,,,,61.000,39.200
2020-11-23 16:24:59 - 2020-11-23 16:54:59,152.000,Functional Strength Training (Indoor),,1800.000,,,,0.000,0.167,0.833,0.000,0.000,144.146,155.000,,,,,,
2020-11-24 08:11:54 - 2020-11-24 08:33:09,81.085,Yoga,,1274.665,,,,1.000,0.000,0.000,0.000,0.000,84.379,84.627,3.790,,,,92.000,35.600
2020-11-24 08:12:25 - 2020-11-24 08:32:54,72.000,Yoga (Indoor),,1229.000,,,,,,,,,,,,,,,,
2020-11-24 08:42:29 - 2020-11-24 08:49:47,43.106,Functional Strength Training,,437.789,,,,0.000,1.000,0.000,0.000,0.000,120.490,120.490,6.500,,,,91.000,35.600
2020-11-24 18:23:55 - 2020-11-24 18:29:03,31.248,Yoga,,308.283,,,,0.000,0.000,1.000,0.000,0.000,150.042,150.042,9.132,,,,87.000,42.800
2020-11-24 19:00:32 - 2020-11-24 19:05:28,16.756,Cycling,0.918,295.447,,597.174,593.719,0.022,0.000,0.089,0.889,0.000,159.644,165.000,4.281,,,,85.000,42.800
2020-11-25 11:30:59 - 2020-11-25 11:51:35,99.327,Yoga,,1236.122,,,,1.000,0.000,0.000,0.000,0.000,101.063,105.403,4.627,,,,98.000,44.600
2020-11-25 11:31:27 - 2020-11-25 11:51:27,71.000,Yoga (Indoor),,1200.000,,,,,,,,,,,,,,,,
2020-11-26 09:34:13 - 2020-11-26 09:54:37,83.196,Yoga,,1224.207,,,,1.000,0.000,0.000,0.000,0.000,85.260,87.444,4.644,,,,88.000,41.000
2020-11-26 09:34:40 - 2020-11-26 09:54:40,74.000,Yoga (Indoor),,1200.000,,,,1.000,0.000,0.000,0.000,0.000,87.444,87.444,,,,,,
2020-11-26 10:08:39 - 2020-11-26 10:38:08,290.579,HIIT,,1768.982,,,,0.000,0.000,0.667,0.333,0.000,150.019,158.187,9.824,,,,84.000,42.800
2020-11-26 10:09:06 - 2020-11-26 10:39:06,152.000,Functional Strength Training (Indoor),,1800.000,,,,0.692,0.154,0.077,0.077,0.000,116.792,158.187,,,,,,
2020-11-26 10:41:49 - 2020-11-26 11:01:53,119.280,Yoga,,1203.214,,,,0.500,0.500,0.000,0.000,0.000,108.316,115.082,6.689,,,,81.000,42.800
2020-11-27 15:45:13 - 2020-11-27 16:29:26,186.222,Yoga,,2653.539,,,,1.000,0.000,0.000,0.000,0.000,89.023,105.706,4.832,,,,,
2020-11-27 17:08:12 - 2020-11-27 17:14:50,33.498,Walking,0.384,397.595,13.550,896.047,835.247,1.000,0.000,0.000,0.000,0.000,100.849,100.849,5.795,,,,72.000,37.400
2020-11-27 17:15:06 - 2020-11-27 17:17:11,29.162,Running,0.299,125.022,26.509,895.868,868.301,0.080,0.080,0.120,0.720,0.000,155.760,171.000,14.534,,,,73.000,37.400
2020-11-28 11:01:27 - 2020-11-28 12:04:19,232.744,Walking,2.861,3772.470,84.777,873.319,845.603,1.000,0.000,0.000,0.000,0.000,86.279,92.697,4.380,,,,60.000,42.800
2020-11-30 11:16:18 - 2020-11-30 11:28:24,65.517,Yoga,,726.459,,,,0.500,0.000,0.500,0.000,0.000,123.339,137.079,6.224,,,,70.000,39.200
2020-11-30 11:16:36 - 2020-11-30 11:28:18,41.000,Yoga (Indoor),,702.000,,,,,,,,,,,,,,,,
2020-11-30 11:30:12 - 2020-11-30 11:53:01,74.000,Yoga (Indoor),,1369.000,,,,1.000,0.000,0.000,0.000,0.000,98.087,104.000,,,,,,
2020-11-30 11:55:30 - 2020-11-30 12:10:33,108.614,Functional Strength Training,,902.811,,,,0.000,0.000,1.000,0.000,0.000,141.428,142.119,7.572,,,,73.000,37.400
2020-12-01 11:01:24 - 2020-12-01 11:06:25,53.897,HIIT,,301.720,,,,0.000,0.000,0.286,0.714,0.000,157.000,169.000,10.755,,,,66.000,26.600
2020-12-01 11:07:17 - 2020-12-01 11:22:06,95.767,Functional Strength Training,,888.847,,,,0.000,1.000,0.000,0.000,0.000,131.374,131.374,6.911,,,,,
2020-12-01 11:24:39 - 2020-12-01 11:39:13,114.141,Functional Strength Training,,873.760,,,,0.000,0.000,1.000,0.000,0.000,148.513,148.513,8.139,,,,64.000,28.400
2020-12-02 11:01:56 - 2020-12-02 13:03:37,502.750,Walking,4.823,7301.333,682.054,2394.752,1824.277,1.000,0.000,0.000,0.000,0.000,87.870,113.850,4.850,,,,40.000,42.800
2020-12-06 10:27:50 - 2020-12-06 10:34:38,43.556,Functional Strength Training,,407.531,,,,0.000,1.000,0.000,0.000,0.000,128.756,128.756,6.912,,,,84.000,35.600
2020-12-06 10:37:44 - 2020-12-06 10:58:17,103.357,Yoga,,1233.517,,,,1.000,0.000,0.000,0.000,0.000,101.632,107.532,4.864,,,,84.000,35.600
2020-12-06 10:38:08 - 2020-12-06 10:58:08,73.000,Yoga (Indoor),,1200.000,,,,,,,,,,,,,,,,
2020-12-06 11:01:32 - 2020-12-06 11:12:59,90.124,HIIT,,687.153,,,,0.000,1.000,0.000,0.000,0.000,123.547,123.547,8.117,,,,82.000,35.600
2020-12-06 11:01:55 - 2020-12-06 11:12:55,57.000,Functional Strength Training (Indoor),,660.000,,,,,,,,,,,,,,,,
2020-12-07 07:43:44 - 2020-12-07 07:50:01,48.711,Functional Strength Training,,376.668,,,,0.000,0.000,1.000,0.000,0.000,141.025,141.025,8.057,,,,74.000,35.600
2020-12-07 15:05:50 - 2020-12-07 15:36:16,58.781,HIIT,,356.156,,,,0.000,0.667,0.000,0.333,0.000,140.828,159.363,11.230,,,,76.000,35.600
2020-12-07 15:06:14 - 2020-12-07 15:36:44,152.000,Functional Strength Training (Indoor),,1830.000,,,,0.000,0.286,0.286,0.428,0.000,147.729,168.000,,,,,,
2020-12-07 18:03:22 - 2020-12-07 18:23:28,87.737,Functional Strength Training,,1205.663,,,,1.000,0.000,0.000,0.000,0.000,108.532,114.727,5.015,,,,77.000,35.600
2020-12-07 18:03:38 - 2020-12-07 18:23:40,101.000,Functional Strength Training (Indoor),,1202.000,,,,0.250,0.000,0.750,0.000,0.000,136.432,146.000,,,,,,
2020-12-08 10:20:16 - 2020-12-08 10:51:36,131.082,Yoga,,1880.499,,,,1.000,0.000,0.000,0.000,0.000,92.929,105.084,3.870,,,,71.000,33.800
2020-12-08 10:20:42 - 2020-12-08 10:50:42,104.000,Yoga (Indoor),,1800.000,,,,1.000,0.000,0.000,0.000,0.000,105.084,105.084,,,,,,
2020-12-09 09:20:02 - 2020-12-09 09:31:10,44.798,Yoga,,668.054,,,,1.000,0.000,0.000,0.000,0.000,82.316,82.316,4.506,,,,79.000,35.600
2020-12-09 09:20:30 - 2020-12-09 09:30:30,35.000,Yoga (Indoor),,600.000,,,,,,,,,,,,,,,,
2020-12-09 10:08:50 - 2020-12-09 10:29:37,151.067,Traditional Strength Training,,1247.626,,,,0.500,0.000,0.500,0.000,0.000,126.855,142.209,6.734,,,,73.000,39.200
2020-12-09 10:09:11 - 2020-12-09 10:29:41,101.000,Functional Strength Training (Indoor),,1230.000,,,,0.000,0.000,1.000,0.000,0.000,142.209,142.209,,,,,,
2020-12-09 16:33:55 - 2020-12-09 17:03:23,258.812,Traditional Strength Training,,1767.912,,,,0.000,0.333,0.667,0.000,0.000,138.358,145.198,8.531,,,,55.000,48.200
2020-12-10 08:34:14 - 2020-12-10 09:04:17,138.424,Yoga,,1802.926,,,,1.000,0.000,0.000,0.000,0.000,93.325,97.140,4.500,,,,67.000,39.200
2020-12-10 08:34:31 - 2020-12-10 09:04:31,108.000,Yoga (Indoor),,1800.000,,,,1.000,0.000,0.000,0.000,0.000,79.583,97.140,,,,,,
2020-12-10 17:27:42 - 2020-12-10 17:44:00,61.680,Walking,0.710,977.540,,,,1.000,0.000,0.000,0.000,0.000,90.657,99.000,4.728,,,,,
2020-12-11 10:45:35 - 2020-12-11 11:00:28,142.924,HIIT,,893.735,,,,0.000,0.000,0.500,0.500,0.000,152.879,164.009,9.661,,,,90.000,42.800
2020-12-11 10:45:48 - 2020-12-11 11:00:48,76.000,Functional Strength Training (Indoor),,900.000,,,,0.000,0.000,0.750,0.250,0.000,147.252,164.009,,,,,,
2020-12-11 11:27:21 - 2020-12-11 11:42:28,50.446,Functional Strength Training,,906.660,,,,1.000,0.000,0.000,0.000,0.000,100.698,100.860,4.225,,,,87.000,42.800
2020-12-11 11:27:49 - 2020-12-11 11:42:49,76.000,Functional Strength Training (Indoor),,900.000,,,,1.000,0.000,0.000,0.000,0.000,92.107,100.537,,,,,,
2020-12-11 12:00:06 - 2020-12-11 12:30:56,136.108,Yoga,,1850.246,,,,1.000,0.000,0.000,0.000,0.000,93.052,105.757,4.416,,,,86.000,42.800
2020-12-11 12:00:18 - 2020-12-11 12:30:18,108.000,Yoga (Indoor),,1800.000,,,,1.000,0.000,0.000,0.000,0.000,105.757,105.757,,,,,,
2020-12-15 13:25:39 - 2020-12-15 13:55:39,405.000,Cycling (Indoor),9.410,1800.000,,,,0.000,0.000,0.333,0.667,0.000,157.811,167.880,,18.800,28.300,,,
2020-12-15 13:25:39 - 2020-12-15 13:55:40,307.912,Cycling (Indoor),,1800.981,,,,0.000,0.000,0.333,0.667,0.000,157.811,167.880,10.176,,,,58.000,32.000
2020-12-16 07:51:57 - 2020-12-16 08:19:15,128.263,Walking,1.619,1638.673,,599.785,595.653,1.000,0.000,0.000,0.000,0.000,92.740,94.810,5.368,,,,71.000,30.200
2020-12-16 15:04:32 - 2020-12-16 15:17:23,99.000,Cycling (Indoor),2.520,771.000,,,,0.000,1.000,0.000,0.000,0.000,132.498,132.498,,1.500,22.700,,,
2020-12-16 15:04:33 - 2020-12-16 15:17:38,74.998,Cycling (Indoor),,508.096,,,,0.500,0.500,0.000,0.000,0.000,113.835,132.498,8.977,,,,72.000,32.000
2020-12-16 15:19:29 - 2020-12-16 15:49:29,261.000,Cycling (Indoor),5.980,1800.000,,,,0.000,0.547,0.415,0.038,0.000,135.327,169.055,,12.000,27.500,,,
2020-12-16 15:19:30 - 2020-12-16 15:23:19,0.024,Cycling,0.011,229.435,,612.764,596.338,0.000,0.617,0.383,0.000,0.000,133.511,153.000,1.300,,,,73.000,32.000
2020-12-16 15:23:42 - 2020-12-16 15:49:40,297.886,Cycling (Indoor),,1557.868,,,,0.000,0.000,0.000,1.000,0.000,164.375,169.055,11.214,,,,73.000,32.000
2020-12-17 11:29:06 - 2020-12-17 11:44:41,20.828,Functional Strength Training,,935.700,,,,1.000,0.000,0.000,0.000,0.000,81.722,83.613,2.184,,,,77.000,32.000
2020-12-17 11:29:34 - 2020-12-17 11:44:34,94.000,Functional Strength Training (Indoor),,900.000,,,,,,,,,,,,,,,,
2020-12-17 14:33:03 - 2020-12-17 15:03:03,400.000,Cycling (Indoor),7.190,1800.000,,,,0.077,0.144,0.254,0.368,0.157,153.203,185.000,,14.400,30.200,,,
2020-12-17 14:33:12 - 2020-12-17 15:03:06,290.152,Cycling (Indoor),,1793.900,,,,0.072,0.144,0.255,0.371,0.158,153.474,185.000,9.690,,,,72.000,33.800
2020-12-17 15:44:56 - 2020-12-17 16:04:51,190.453,Traditional Strength Training,,1194.731,,,,0.000,0.000,1.000,0.000,0.000,142.494,146.989,9.565,,,,72.000,33.800
2020-12-17 15:45:09 - 2020-12-17 16:05:09,125.000,Functional Strength Training (Indoor),,1200.000,,,,0.000,0.200,0.800,0.000,0.000,139.797,146.989,,,,,,
2020-12-18 08:06:46 - 2020-12-18 08:21:26,70.316,Walking,0.934,879.678,,635.422,583.137,1.000,0.000,0.000,0.000,0.000,94.959,96.007,5.487,,,,78.000,26.600
2020-12-18 12:36:36 - 2020-12-18 12:56:45,112.141,Yoga,,1209.321,,,,0.500,0.500,0.000,0.000,0.000,109.387,115.657,5.965,,,,63.000,35.600
2020-12-18 12:37:02 - 2020-12-18 12:57:02,89.000,Yoga (Indoor),,1200.000,,,,0.750,0.250,0.000,0.000,0.000,86.164,115.657,,,,,,
2020-12-18 14:33:59 - 2020-12-18 14:45:07,86.526,Traditional Strength Training,,668.625,,,,0.000,1.000,0.000,0.000,0.000,129.896,129.896,7.654,,,,63.000,35.600
2020-12-18 14:34:21 - 2020-12-18 14:45:10,70.000,Functional Strength Training (Indoor),,649.000,,,,0.000,1.000,0.000,0.000,0.000,126.000,126.000,,,,,,
2020-12-19 11:12:07 - 2020-12-19 11:43:37,126.972,Yoga,,1890.321,,,,1.000,0.000,0.000,0.000,0.000,91.029,99.554,3.576,,,,77.000,39.200
2020-12-19 11:12:32 - 2020-12-19 11:42:32,135.000,Yoga (Indoor),,1800.000,,,,1.000,0.000,0.000,0.000,0.000,99.554,99.554,,,,,,
2020-12-19 12:11:35 - 2020-12-19 12:17:42,23.055,Walking,0.314,366.657,,597.617,596.061,1.000,0.000,0.000,0.000,0.000,87.532,87.532,4.629,,,,77.000,42.800
2020-12-19 13:12:03 - 2020-12-19 13:24:55,105.135,Running,1.007,772.514,6.660,600.673,558.486,0.500,0.000,0.500,0.000,0.000,127.154,145.044,8.307,,,,73.000,42.800
2020-12-19 16:20:20 - 2020-12-19 16:30:47,82.553,Cycling (Indoor),,626.314,,,,0.198,0.655,0.147,0.000,0.000,123.051,144.000,8.163,,,,77.000,39.200
2020-12-19 16:20:23 - 2020-12-19 16:30:23,91.000,Cycling (Indoor),2.820,600.000,,,,0.200,0.652,0.148,0.000,0.000,123.035,144.000,,17.200,19.700,,,
2020-12-19 16:34:05 - 2020-12-19 16:44:05,70.000,Functional Strength Training (Indoor),,600.000,,,,0.653,0.347,0.000,0.000,0.000,112.884,128.000,,,,,,
2020-12-19 16:34:07 - 2020-12-19 16:44:23,48.844,Traditional Strength Training,,615.815,,,,0.653,0.347,0.000,0.000,0.000,112.977,128.000,4.382,,,,71.000,42.800
2020-12-19 16:53:24 - 2020-12-19 17:23:47,80.732,Functional Strength Training,,1822.770,,,,1.000,0.000,0.000,0.000,0.000,95.971,101.198,3.483,,,,70.000,42.800
2020-12-19 16:53:54 - 2020-12-19 17:23:54,188.000,Functional Strength Training (Indoor),,1800.000,,,,1.000,0.000,0.000,0.000,0.000,98.103,101.198,,,,,,
2020-12-20 12:19:15 - 2020-12-20 12:30:03,42.995,Yoga,,648.368,,,,1.000,0.000,0.000,0.000,0.000,81.856,81.856,4.718,,,,,
2020-12-20 12:19:41 - 2020-12-20 12:29:41,47.000,Yoga (Indoor),,600.000,,,,,,,,,,,,,,,,
2020-12-20 12:35:20 - 2020-12-20 13:05:33,294.054,HIIT,,1812.599,,,,0.000,0.333,0.334,0.333,0.000,145.372,161.254,9.718,,,,60.000,37.400
2020-12-20 12:35:45 - 2020-12-20 13:05:45,188.000,Functional Strength Training (Indoor),,1800.000,,,,0.000,0.200,0.600,0.200,0.000,142.623,161.254,,,,,,
2020-12-20 13:47:41 - 2020-12-20 14:16:33,114.067,Walking,1.375,1731.596,22.999,607.863,592.326,1.000,0.000,0.000,0.000,0.000,94.016,94.715,4.740,,,,56.000,39.200
2020-12-20 17:26:06 - 2020-12-20 17:32:59,30.502,Cycling,1.119,412.366,20.308,650.503,591.974,0.000,0.000,1.000,0.000,0.000,138.093,138.093,5.761,,,,66.000,39.200
2020-12-21 08:23:36 - 2020-12-21 08:33:32,43.456,Walking,0.598,596.235,,598.278,594.001,1.000,0.000,0.000,0.000,0.000,93.323,93.323,5.160,,,,80.000,35.600
2020-12-21 08:52:48 - 2020-12-21 09:03:02,45.209,Walking,0.608,613.955,14.698,604.160,571.946,1.000,0.000,0.000,0.000,0.000,90.314,90.314,5.194,,,,80.000,37.400
2020-12-21 12:28:12 - 2020-12-21 12:37:09,68.328,Cycling,1.832,536.426,23.196,598.418,593.115,0.000,0.000,0.000,1.000,0.000,158.628,158.628,8.122,,,,63.000,42.800
2020-12-21 13:06:11 - 2020-12-21 13:12:48,48.928,Cycling,1.518,396.560,,598.414,594.786,0.000,0.000,0.000,1.000,0.000,163.180,163.180,7.728,,,,58.000,44.600
2020-12-22 09:43:27 - 2020-12-22 10:04:23,74.625,Yoga,,1256.006,,,,1.000,0.000,0.000,0.000,0.000,78.874,82.700,3.789,,,,72.000,35.600
2020-12-22 09:43:56 - 2020-12-22 10:03:56,98.000,Yoga (Indoor),,1200.000,,,,,,,,,,,,,,,,
2020-12-22 11:54:05 - 2020-12-22 12:14:10,155.198,HIIT,,1204.995,,,,0.000,1.000,0.000,0.000,0.000,124.346,127.428,7.986,,,,62.000,39.200
2020-12-22 11:54:31 - 2020-12-22 12:14:31,125.000,Functional Strength Training (Indoor),,1200.000,,,,0.000,1.000,0.000,0.000,0.000,124.286,130.000,,,,,,
2020-12-22 14:36:00 - 2020-12-22 14:57:32,102.318,Walking,1.325,1291.861,12.566,609.136,591.747,1.000,0.000,0.000,0.000,0.000,94.388,94.732,5.261,,,,61.000,39.200
2020-12-23 12:06:48 - 2020-12-23 12:28:32,21.963,Yoga,,362.901,,,,1.000,0.000,0.000,0.000,0.000,87.242,87.472,5.817,,,,54.000,51.800
2020-12-23 12:07:16 - 2020-12-23 12:27:45,92.000,Yoga (Indoor),,1229.000,,,,,,,,,,,,,,,,
2020-12-23 13:24:27 - 2020-12-23 13:54:27,350.000,Cycling (Indoor),8.980,1800.000,,,,0.000,0.500,0.500,0.000,0.000,127.667,138.171,,18.000,21.400,,,
2020-12-23 13:24:37 - 2020-12-23 13:54:37,224.310,Cycling (Indoor),,1800.115,,,,0.000,0.333,0.667,0.000,0.000,132.056,140.836,7.761,,,,54.000,55.400
2020-12-24 17:29:35 - 2020-12-24 17:56:16,217.777,Traditional Strength Training,,1600.920,,,,0.000,1.000,0.000,0.000,0.000,130.496,134.712,8.080,,,,62.000,12.200
2020-12-24 17:56:46 - 2020-12-24 18:13:53,101.562,Yoga,,1026.949,,,,0.500,0.500,0.000,0.000,0.000,110.513,115.754,6.589,,,,61.000,12.200
2020-12-26 09:05:25 - 2020-12-26 09:54:23,231.790,Walking,2.340,2938.751,179.724,198.387,10.316,1.000,0.000,0.000,0.000,0.000,101.416,114.822,5.394,,,,,
2020-12-26 10:15:17 - 2020-12-26 10:25:30,101.090,Rowing,,613.427,,,,0.000,0.000,1.000,0.000,0.000,143.350,143.350,9.865,,,,61.000,69.800
2020-12-26 10:29:22 - 2020-12-26 11:19:12,462.774,Traditional Strength Training,,2989.855,,,,0.000,0.200,0.600,0.200,0.000,143.176,155.668,9.188,,,,59.000,71.600
2020-12-30 10:49:45 - 2020-12-30 10:55:47,58.654,Rowing,,361.934,,,,0.000,1.000,0.000,0.000,0.000,127.299,127.299,9.772,,,,,
2020-12-30 10:59:33 - 2020-12-30 11:28:48,256.649,Traditional Strength Training,,1754.427,,,,0.000,0.333,0.667,0.000,0.000,136.989,144.881,8.727,,,,,